Book Id,Title,Author,Author l-f,Additional Authors,ISBN,ISBN13,My Rating,Average Rating,Publisher,Binding,Number of Pages,Year Published,Original Publication Year,Date Read,Date Added,Bookshelves,Bookshelves with positions,Exclusive Shelf,My Review,Spoiler,Private Notes,Read Count,Owned Copies
32855119,"Die Eule von Askir (Das Geheimnis von Askir, #6)",Richard Schwartz,"Schwartz, Richard",,"=""""","=""""",4,4.43,Piper ebooks,Kindle Edition,688,2016,2009,,2017/05/06,,,read,,,,1,0
61907,Der Kadett,Lois McMaster Bujold,"Bujold, Lois McMaster",Edda Petri,"=""3453149076""","=""9783453149076""",5,4.27,Heyne,Paperback,380,1999,1986,1996/05/09,2015/05/09,,,read,,,,1,0
2180460,Cordelias Ehre,Lois McMaster Bujold,"Bujold, Lois McMaster",Michael Morgental,"=""3453520017""","=""9783453520011""",3,4.33,Heyne,Mass Market Paperback,592,2004,1996,1996/05/09,2015/05/09,,,read,,,,1,0
61905,"Barrayar (Vorkosigan Saga, #7)",Lois McMaster Bujold,"Bujold, Lois McMaster",,"=""0743468414""","=""9780743468411""",3,4.29,Gardners Books,Paperback,336,2003,1991,1996/05/09,2015/05/09,,,read,,,,1,0
3006201,Barrayar: Der Botschafter,Lois McMaster Bujold,"Bujold, Lois McMaster",,"=""3453521277""","=""9783453521278""",3,4.52,Heyne,Paperback,959,2006,2008,1996/05/09,2015/05/09,,,read,,,,1,0
15831078,"Scherben der Ehre (Barrayar-Zyklus, #1)",Lois McMaster Bujold,"Bujold, Lois McMaster",Michael Morgental,"=""3453128109""","=""9783453128101""",2,4.08,Heyne,Paperback,335,1997,1986,1996/05/09,2015/05/09,,,read,,,,1,0
13536649,"Trapped (The Iron Druid Chronicles, #5)",Kevin Hearne,"Hearne, Kevin",,"=""034553364X""","=""9780345533647""",0,4.27,Del Rey,Mass Market Paperback,290,2012,2012,,2023/08/19,to-read,to-read (#140),to-read,,,,0,0
12700306,"Tricked (The Iron Druid Chronicles, #4)",Kevin Hearne,"Hearne, Kevin",,"=""0345533623""","=""9780345533623""",4,4.25,Random House Publishing Group,Mass Market Paperback,341,2012,2012,,2023/08/19,currently-reading,currently-reading (#1),currently-reading,,,,2,0
24662202,"Gehämmert (Die Chronik des eisernen Druiden, #3)",Kevin Hearne,"Hearne, Kevin","Alexander Wagner, Friedrich Mader","=""3608939334""","=""9783608939330""",5,4.21,Klett-Cotta,Paperback,366,2015,2011,2015/05/11,2015/05/09,,,read,"Naja, es gibt teilweise interessante Ideen in dem Buch. Aber es wirkt alles billig und durchsichtig gemacht. Wenn ich Kevin Hearne mit Jim Butcher vergleiche und irgendwie werde ich das Gefühl nicht los, das Hearne abgekupfert hat, dann würde ich klar Butcher empfehlen.<br/><br/>Hat mich nicht umgehauen. ",,,1,0
9595650,"Hexed (The Iron Druid Chronicles, #2)",Kevin Hearne,"Hearne, Kevin",,"=""0345522494""","=""9780345522498""",4,4.22,Del Rey,Mass Market Paperback,296,2011,2011,,2023/08/19,,,read,,,,1,0
9533378,"Hounded (The Iron Druid Chronicles, #1)",Kevin Hearne,"Hearne, Kevin",,"=""0345522478""","=""9780345522474""",4,4.09,Del Rey,Mass Market Paperback,304,2011,2011,,2023/08/19,,,read,,,,1,0
8479967,"Zauberlehrling voller Fehl und Adel (Trix Solier, #1)",Sergei Lukyanenko,"Lukyanenko, Sergei",Christiane Pöhlmann,"=""3407810741""","=""9783407810748""",0,3.76,Beltz & Gelberg,Hardcover,581,2010,2009,,2019/12/30,to-read,to-read (#139),to-read,,,,1,0
52530174,Das Feuer der Dämonen (Demon Cycle),Peter V. Brett,"Brett, Peter V.",,"=""3453320530""","=""9783453320536""",5,4.20,Heyne,Paperback,542,2019,2019,,2019/10/09,,,read,,,,1,0
35015460,"Zeitenfeuer (The First Empire, #2)",Michael J. Sullivan,"Sullivan, Michael J.",Marcel Aubron-Bülles,"=""3426520346""","=""9783426520345""",4,4.29,Knaur TB,Paperback,624,2018,2017,,2019/10/20,,,read,,,,1,0
9676849,"Dreadnaught (The Lost Fleet: Beyond the Frontier, #1)",Jack Campbell,"Campbell, Jack",,"=""0441020372""","=""9780441020379""",3,4.05,Ace,Hardcover,356,2011,2011,2017/01/08,2017/01/08,,,read,,,,1,0
13497841,Die Insel der besonderen Kinder,Ransom Riggs,"Riggs, Ransom",Silvia Kinkel,"=""3426411954""","=""9783426411957""",3,3.92,Knaur,ebook,416,2011,2011,2015/05/09,2015/05/09,,,read,,,,1,0
9397145,Tschick,Wolfgang Herrndorf,"Herrndorf, Wolfgang",,"=""3871347108""","=""9783871347108""",4,3.59,Rowohlt,Hardcover,254,2010,2010,,2019/12/31,,,read,,,,1,0
7200884,"Victorious (The Lost Fleet, #6)",Jack Campbell,"Campbell, Jack",,"=""0441018696""","=""9780441018697""",4,4.10,Ace,Mass Market Paperback,352,2010,2010,2017/01/08,2017/01/08,,,read,,,,1,0
2341319,"Valiant (The Lost Fleet, #4)",Jack Campbell,"Campbell, Jack",,"=""0441016197""","=""9780441016198""",3,4.00,Ace,Mass Market Paperback,284,2008,2008,2017/01/08,2017/01/08,,,read,,,,1,0
96594,"Fearless (The Lost Fleet, #2)",Jack Campbell,"Campbell, Jack",,"=""0441014763""","=""9780441014767""",4,3.99,Ace,Mass Market Paperback,295,2007,2007,2017/01/08,2017/01/08,,,read,,,,1,0
112292,"Dauntless (The Lost Fleet, #1)",Jack Campbell,"Campbell, Jack",,"=""0441014186""","=""9780441014187""",3,3.96,Ace Books,Mass Market Paperback,293,2006,2006,2017/01/08,2016/10/15,,,read,,,,1,0
1372055,"Courageous (The Lost Fleet, #3)",Jack Campbell,"Campbell, Jack",,"=""0441015670""","=""9780441015672""",4,3.99,Ace,Mass Market Paperback,299,2007,2007,2017/01/08,2017/01/08,,,read,,,,1,0
13607623,"Schiffsdiebe (Ship Breaker, #1)",Paolo Bacigalupi,"Bacigalupi, Paolo",,"=""3453529197""","=""9783453529199""",0,3.75,Heyne,Klappenbroschur,352,2012,2010,,2019/12/30,to-read,to-read (#137),to-read,,,,1,0
20261876,Unrast,Olga Tokarczuk,"Tokarczuk, Olga",Esther Kinsky,"=""""","=""""",0,3.76,Schöffling & Co.,Paperback,464,2009,2007,,2019/12/31,to-read,to-read (#138),to-read,,,,1,0
32065466,Aurora,Kim Stanley Robinson,"Robinson, Kim Stanley",Jakob Schmidt,"=""3453317246""","=""9783453317246""",0,3.76,"Wilhelm Heyne Verlag, München",Paperback,560,2016,2015,,2019/12/30,to-read,to-read (#136),to-read,,,,1,0
42198792,Frontal,John Scalzi,"Scalzi, John",Bernhard Kempen,"=""""","=""""",0,4.00,FISCHER TOR,Kindle Edition,369,2018,2018,,2019/12/30,to-read,to-read (#134),to-read,,,,1,0
55400,"Blood Follows (The Tales of Bauchelain and Korbal Broach, #1)",Steven Erikson,"Erikson, Steven",,"=""159780004X""","=""9781597800044""",0,3.83,Night Shade,Hardcover,121,2005,2002,,2019/12/30,to-read,to-read (#135),to-read,,,,1,0
40493285,NSA - Nationales Sicherheits-Amt,Andreas Eschbach,"Eschbach, Andreas",,"=""3785726252""","=""9783785726259""",0,3.93,Bastei-Lübbe,Hardcover,796,2018,2018,,2019/10/10,to-read,to-read (#131),to-read,,,,1,0
38709,"Holes (Holes, #1)",Louis Sachar,"Sachar, Louis",,"=""0439244196""","=""9780439244190""",0,3.99,Scholastic,Paperback,272,2000,1998,,2019/10/20,to-read,to-read (#132),to-read,,,,1,0
41555947,Magic for Liars,Sarah Gailey,"Gailey, Sarah",,"=""""","=""""",0,3.63,Tor Books,Hardcover,336,2019,2019,,2019/12/22,to-read,to-read (#133),to-read,,,,1,0
33642434,"Der Drachenjäger: Die erste Reise ins Wolkenmeer (Die Reisen ins Wolkenmeer, #1)",Bernd Perplies,"Perplies, Bernd",,"=""3596296714""","=""9783596296712""",0,3.81,FISCHER Tor,Paperback,494,2017,2017,,2017/05/06,to-read,to-read (#128),to-read,,,,1,0
22241804,Stolz und Vorurteil (German Edition),Jane Austen,"Austen, Jane",,"=""1484803531""","=""9781484803530""",0,4.28,CreateSpace Independent Publishing Platform,Paperback,322,2013,1813,,2018/08/30,to-read,to-read (#130),to-read,,,,1,0
37834183,Die Tyrannei des Schmetterlings,Frank Schätzing,"Schätzing, Frank",,"=""3462050842""","=""9783462050844""",0,3.33,Kiepenheuer & Witsch,Hardcover,736,2018,2018,,2018/05/03,to-read,to-read (#129),to-read,,,,1,0
18775247,"Mr. Mercedes (Bill Hodges Trilogy, #1)",Stephen King,"King, Stephen",,"=""1476754454""","=""9781476754451""",0,4.00,Scribner,Hardcover,437,2014,2014,,2017/01/09,to-read,to-read (#127),to-read,,,,1,0
5292173,"Relentless (The Lost Fleet, #5)",Jack Campbell,"Campbell, Jack",,"=""0441017088""","=""9780441017089""",0,4.09,Ace,Mass Market Paperback,336,2009,2009,2017/01/08,2017/01/08,to-read,to-read (#125),to-read,,,,1,0
3209061,"Kalte Asche (David Hunter, #2)",Simon Beckett,"Beckett, Simon",,"=""3499241951""","=""9783499241956""",0,4.17,Rowohlt,Paperback,432,2008,2007,2017/02/06,2017/01/08,to-read,to-read (#126),to-read,,,,1,0
88070,You're Not Fooling Anyone When You Take Your Laptop to a Coffee Shop: Scalzi on Writing,John Scalzi,"Scalzi, John",,"=""1596060638""","=""9781596060630""",0,3.68,Subterranean,Hardcover,318,2007,2007,,2017/01/08,to-read,to-read (#124),to-read,,,,1,0
6585201,"Changes (The Dresden Files, #12)",Jim Butcher,"Butcher, Jim",,"=""045146317X""","=""9780451463173""",4,4.50,Roc,Hardcover,438,2010,2010,,2017/01/08,,,read,,,,1,0
22823604,"Der Wanderer (Die Götterkriege, #7)",Richard Schwartz,"Schwartz, Richard",,"=""3492269206""","=""9783492269209""",4,4.49,Piper Taschenbuch,Paperback,521,2015,2015,,2016/10/15,,,read,,,,1,0
11420998,"Die Furcht des Weisen 2 (Die Königsmörder-Chronik, #2.2)",Patrick Rothfuss,"Rothfuss, Patrick","Jochen Schwarzer, Wolfram Ströle","=""""","=""9783608939262""",4,4.50,Klett-Cotta,Hardcover,523,2012,2011,,2019/10/20,,,read,,,,1,0
34002132,"Oathbringer (The Stormlight Archive, #3)",Brandon Sanderson,"Sanderson, Brandon",,"=""076532637X""","=""9780765326379""",3,4.62,Tor Books,Hardcover,1243,2017,2017,,2018/08/30,,,read,,,,1,0
9329354,"The Way of Kings, Part 1 (The Stormlight Archive #1, Part 1 of 2)",Brandon Sanderson,"Sanderson, Brandon",,"=""0575097361""","=""9780575097360""",4,4.63,Gollancz,Paperback,592,2011,2010,,2019/11/07,,,read,,,,3,0
23796651,Die Worte des Lichts,Brandon Sanderson,"Sanderson, Brandon",Michael Siefener,"=""""","=""""",4,4.71,Heyne Verlag,Kindle Edition,977,2014,2014,,2018/08/30,,,read,,,,1,0
19375197,Der Spieler,Paolo Bacigalupi,"Bacigalupi, Paolo","Hannes Riffel, Birgit Herden, Dorothea Kallfass","=""""","=""""",0,4.04,Golkonda Verlag,Kindle Edition,216,2012,2008,,2019/12/30,to-read,to-read (#122),to-read,,,,0,0
43261127,Tiny Habits: The Small Changes That Change Everything,B.J.  Fogg,"Fogg, B.J.",,"=""0358003326""","=""9780358003328""",0,4.15,Harvest,Hardcover,320,2020,2019,,2020/01/07,to-read,to-read (#123),to-read,,,,0,0
1805537,Replay - Das zweite Spiel,Ken Grimwood,"Grimwood, Ken",,"=""3453520106""","=""9783453520103""",0,4.15,Heyne Verlag,Paperback,411,2004,1987,,2019/12/30,to-read,to-read (#119),to-read,,,,0,0
16286,The Magus,John Fowles,"Fowles, John",,"=""0316296198""","=""9780316296199""",0,4.05,Back Bay Books,Paperback,656,2001,1965,,2019/12/30,to-read,to-read (#120),to-read,,,,0,0
12193569,"Galdäa - Der Ungeschlagene Krieg (VILM, #3)",Karsten Kruschel,"Kruschel, Karsten",,"=""3938065729""","=""9783938065723""",0,4.11,Wurdack Verlag,Paperback,446,2011,2011,,2019/12/30,to-read,to-read (#121),to-read,,,,0,0
36000366,Das Hindernis ist der Weg: Mit der Philosophie der Stoiker zum Triumph,Ryan Holiday,"Holiday, Ryan",,"=""""","=""""",0,4.15,Audible GmbH,Audible Audio,,2017,2014,,2019/12/30,to-read,to-read (#118),to-read,,,,0,0
2950809,"Ruf des Mondes (Mercy Thompson, #1)",Patricia Briggs,"Briggs, Patricia",,"=""3453523733""","=""9783453523739""",0,4.15,Heyne,Paperback,383,2007,2006,,2019/12/30,to-read,to-read (#117),to-read,,,,0,0
6493208,The Immortal Life of Henrietta Lacks,Rebecca Skloot,"Skloot, Rebecca",,"=""1400052173""","=""9781400052172""",0,4.11,Crown Publishing Group,Hardcover,370,2010,2010,,2019/11/07,to-read,to-read (#114),to-read,,,,0,0
48644168,Die Roten Schriftrollen (Die ältesten Flüche #1),Cassandra Clare,"Clare, Cassandra","Wesley Chu, Franca Fritz, Heinrich Koop","=""""","=""""",0,4.12,Goldmann Verlag,Paperback,448,2020,2019,,2019/12/30,to-read,to-read (#115),to-read,,,,0,0
48706085,"Das neunte Haus (Alex Stern, #1)",Leigh Bardugo,"Bardugo, Leigh",Michelle Gyo,"=""3426227177""","=""9783426227176""",0,4.04,Knaur ,Paperback,528,2020,2019,,2019/12/30,to-read,to-read (#116),to-read,,,,0,0
7549949,Die gelöschte Welt,Nick Harkaway,"Harkaway, Nick",Jürgen Langowski,"=""3492267041""","=""9783492267045""",0,4.10,Piper ,Paperback,800,2009,2008,,2019/11/04,to-read,to-read (#113),to-read,,,,0,0
40672036,Digital Minimalism: Choosing a Focused Life in a Noisy World,Cal Newport,"Newport, Cal",,"=""052553654X""","=""""",0,4.06,Portfolio,Kindle Edition,302,2019,2019,,2019/10/23,to-read,to-read (#112),to-read,,,,0,0
11762245,Herr aller Dinge,Andreas Eschbach,"Eschbach, Andreas",,"=""3785724292""","=""9783785724293""",0,4.15,Lübbe,Hardcover,687,2011,2011,,2019/10/10,to-read,to-read (#109),to-read,,,,0,0
759517,Hard to Be a God,Arkady Strugatsky,"Strugatsky, Arkady",Boris Strugatsky,"=""0816491216""","=""9780816491216""",0,4.15,Seabury Press,Hardcover,219,1973,1964,,2019/10/20,to-read,to-read (#111),to-read,,,,0,0
3636,"The Giver (The Giver, #1)",Lois Lowry,"Lowry, Lois",,"=""0385732554""","=""9780385732550""",0,4.12,Ember,Paperback,208,2006,1993,,2019/10/20,to-read,to-read (#110),to-read,,,,0,0
34318177,Nordische Mythen und Sagen (German Edition),Neil Gaiman,"Gaiman, Neil",André Mumot,"=""""","=""""",0,4.10,Bastei Lübbe,Kindle Edition,257,2017,2017,,2018/08/30,to-read,to-read (#107),to-read,,,,0,0
25489134,"The Bear and the Nightingale (The Winternight Trilogy, #1)",Katherine Arden,"Arden, Katherine",,"=""1101885939""","=""9781101885932""",0,4.10,Del Rey,Hardcover,319,2017,2017,,2019/05/21,to-read,to-read (#108),to-read,,,,0,0
8643407,"Hard Magic (Grimnoir Chronicles, #1)",Larry Correia,"Correia, Larry",,"=""1439134340""","=""9781439134344""",0,4.14,Baen,Mass Market Paperback,423,2011,2011,,2017/01/08,to-read,to-read (#105),to-read,,,,0,0
32467398,"Der Erwählte (Dämonenakademie, #1)",Taran Matharu,"Matharu, Taran",,"=""""","=""9783641153731""",0,4.12,Heyne Verlag,ebook,496,2016,2015,,2018/05/03,to-read,to-read (#106),to-read,,,,0,0
18003691,Planetenwanderer,George R.R. Martin,"Martin, George R.R.",Berit Neumann,"=""3453314948""","=""9783453314948""",0,4.11,Heyne Verlag,Paperback,512,2013,1986,,2016/10/16,to-read,to-read (#104),to-read,,,,0,0
34890015,Factfulness: Ten Reasons We're Wrong About the World – and Why Things Are Better Than You Think,Hans Rosling,"Rosling, Hans","Ola Rosling, Anna Rosling Rönnlund","=""1473637465""","=""9781473637467""",0,4.36,Sceptre,Hardcover,342,2018,2018,,2020/01/20,to-read,to-read (#103),to-read,,,,0,0
68024,Steering the Craft: Exercises and Discussions on Story Writing for the Lone Navigator or the Mutinous Crew,Ursula K. Le Guin,"Guin, Ursula K. Le",,"=""0933377460""","=""9780933377462""",0,4.21,The Eighth Mountain Press,Paperback,173,1998,1998,,2019/12/31,to-read,to-read (#102),to-read,,,,0,0
44429051,Herkunft,Saša Stanišić,"Stanišić, Saša",,"=""3630874738""","=""9783630874739""",0,4.18,Luchterhand,Hardcover,365,2019,2019,,2019/12/31,to-read,to-read (#101),to-read,,,,0,0
28112365,Unterleuten,Juli Zeh,"Zeh, Juli",,"=""3630874878""","=""9783630874876""",0,4.17,Luchterhand Literaturverlag,Hardcover,639,2016,2016,,2019/12/31,to-read,to-read (#100),to-read,,,,0,0
1141402,Wer die Nachtigall stört,Harper Lee,"Lee, Harper",Claire Malignon,"=""3499142813""","=""9783499142819""",0,4.26,Rowohlt Tb.,Paperback,406,1998,1960,,2019/12/30,to-read,to-read (#99),to-read,,,,0,0
50078553,Die Zeit der Schatten (Blut und Knochen #1),John Gwynne,"Gwynne, John",Wolfgang Thon,"=""""","=""9783734161940""",0,4.30,Blanvalet,Perfect Paperback,576,2019,2018,,2019/12/30,to-read,to-read (#96),to-read,,,,0,0
45358780,"Die Rache (Nevernight, #3)",Jay Kristoff,"Kristoff, Jay",Kirsten Borchardt,"=""3596703581""","=""9783596703586""",0,4.30,Fischer Tor,Hardcover,784,2020,2019,,2019/12/30,to-read,to-read (#97),to-read,,,,0,0
44780254,Romane schreiben und veröffentlichen für Dummies (German Edition),Axel Hollmann,"Hollmann, Axel",Marcus Johanus,"=""""","=""""",0,4.47,Wiley-VCH,Kindle Edition,533,2019,,,2019/12/30,to-read,to-read (#98),to-read,,,,0,0
22747110,"Red Rising (Red Rising Trilogy, #1)",Pierce Brown,"Brown, Pierce",Bernhard Kempen,"=""3453269578""","=""9783453269576""",0,4.26,Heyne,Hardcover,559,2014,2014,,2019/12/02,to-read,to-read (#94),to-read,,,,0,0
15704307,"Saga, Volume 1",Brian K. Vaughan,"Vaughan, Brian K.",Fiona Staples,"=""1607066017""","=""9781607066019""",0,4.17,Image Comics,Paperback,160,2012,2012,,2019/12/30,to-read,to-read (#95),to-read,,,,0,0
53042128,"Die Starfarer-Verschwörung (Die Sax-Chroniken, #1)",Richard Schwartz,"Schwartz, Richard",,"=""""","=""""",0,4.45,Piper ebooks,Kindle Edition,528,2019,2019,,2019/10/27,to-read,to-read (#92),to-read,,,,0,0
19219646,Arbeit und Struktur,Wolfgang Herrndorf,"Herrndorf, Wolfgang",,"=""""","=""""",0,4.58,Rowohlt E-Book,Kindle Edition,449,2013,2013,,2019/11/07,to-read,to-read (#93),to-read,,,,0,0
30169100,"The Burning White (Lightbringer, #5)",Brent Weeks,"Weeks, Brent",,"=""0316251305""","=""9780316251303""",0,4.27,Orbit,Hardcover,960,2019,2019,,2019/10/20,to-read,to-read (#90),to-read,,,,0,0
35959740,Circe,Madeline Miller,"Miller, Madeline",,"=""0316556343""","=""9780316556347""",0,4.24,"Little, Brown and Company",Hardcover,393,2018,2018,,2019/10/20,to-read,to-read (#91),to-read,,,,0,0
10238767,DARKNET,Daniel Suarez,"Suarez, Daniel",,"=""3499252449""","=""9783499252440""",0,4.27,Rowohlt Taschenbuch,Paperback,480,2011,2010,,2018/08/30,to-read,to-read (#89),to-read,,,,0,0
11390535,Daemon: Die Welt ist nur ein Spiel,Daniel Suarez,"Suarez, Daniel",Cornelia Holfelder-von der Tann,"=""3499256436""","=""9783499256431""",0,4.16,rororo,Paperback,640,2011,2006,,2018/08/30,to-read,to-read (#88),to-read,,,,0,0
29008738,"The Bird and the Sword (The Bird and the Sword Chronicles, #1)",Amy Harmon,"Harmon, Amy",,"=""1533134138""","=""9781533134134""",0,4.19,CreateSpace,Paperback,328,2016,2016,,2017/01/09,to-read,to-read (#86),to-read,,,,0,0
26182929,Rubikon: Triumph und Tragödie der Römischen Republik (German Edition),Tom Holland,"Holland, Tom",Andreas Wittenburg,"=""3608949240""","=""""",0,4.21,Klett-Cotta,Kindle Edition,463,2015,2003,,2018/06/09,to-read,to-read (#87),to-read,,,,0,0
25349319,"The Life of the Mind (The End of All Things, #1)",John Scalzi,"Scalzi, John",,"=""""","=""""",0,4.27,Tor Books,Kindle Edition,82,2015,2015,,2017/01/08,to-read,to-read (#84),to-read,,,,0,0
25573350,Windjäger,Jim Butcher,"Butcher, Jim",Andreas Helweg,"=""""","=""""",0,4.18,Blanvalet,Kindle Edition,768,2016,2015,,2017/01/08,to-read,to-read (#85),to-read,,,,0,0
67999,"Worlds of Exile and Illusion: Rocannon’s World, Planet of Exile, City of Illusions (Hainish Cycle, #1-3)",Ursula K. Le Guin,"Guin, Ursula K. Le",,"=""0312862113""","=""9780312862114""",0,4.24,Orb Books,Paperback,370,1996,1966,,2020/02/10,to-read,to-read (#83),to-read,,,,0,0
35074096,"Mythos: The Greek Myths Retold (Stephen Fry's Great Mythology, #1)",Stephen Fry,"Fry, Stephen",,"=""0718188721""","=""9780718188726""",0,4.26,Michael Joseph,Hardcover,416,2017,2017,2022/08/20,2020/02/02,to-read,to-read (#82),to-read,,,,1,0
58189112,"Der Nachtclan (Das Reich der blauen Flamme, #2)",Alexey Pehov,"Pehov, Alexey",,"=""3492705529""","=""9783492705523""",3,4.28,Piper,Paperback,416,2021,2015,,2023/07/09,,,read,,,,1,0
56554377,"Der Gebannte (Das Reich der blauen Flamme, #1)",Alexey Pehov,"Pehov, Alexey",Christiane Pöhlmann,"=""3492705510""","=""9783492705516""",3,4.07,Piper ,Paperback,416,2021,2014,,2023/07/09,,,read,,,,1,0
44775156,"Die Schamanin (Im Zeichen der Mohnblume, #1)",R.F. Kuang,"Kuang, R.F.",Michaela Link,"=""373416222X""","=""9783734162220""",0,4.17,blanvalet,Paperback,669,2020,2018,,2023/07/02,to-read,to-read (#81),to-read,,,,0,0
58064046,Gallant,V.E. Schwab,"Schwab, V.E.",Manuel Sumberac,"=""0062835777""","=""9780062835772""",0,3.74,Greenwillow Books,Hardcover,338,2022,2022,,2022/08/29,to-read,to-read (#80),to-read,,,,0,0
57965663,"Realm Breaker (Realm Breaker, #1)",Victoria Aveyard,"Aveyard, Victoria",,"=""0062872621""","=""9780062872623""",0,3.62,HarperTeen,Hardcover,568,2021,2021,,2022/08/29,to-read,to-read (#79),to-read,,,,0,0
34726469,"Sky in the Deep (Sky and Sea, #1)",Adrienne Young,"Young, Adrienne",,"=""1250168457""","=""9781250168450""",0,3.95,Wednesday Books,Hardcover,340,2018,2018,,2022/08/29,to-read,to-read (#78),to-read,,,,0,0
24974996,"Dear Martin (Dear Martin, #1)",Nic Stone,"Stone, Nic",,"=""1101939494""","=""""",0,4.35,Crown Books for Young Readers,Hardcover,224,2017,2017,,2022/08/29,to-read,to-read (#77),to-read,,,,0,0
55518780,Ace of Spades,Faridah Àbíké-Íyímídé,"Àbíké-Íyímídé, Faridah",,"=""1250800811""","=""9781250800817""",0,4.20,Feiwel & Friends,Hardcover,422,2021,2021,,2022/08/29,to-read,to-read (#76),to-read,,,,0,0
34128219,"La Belle Sauvage (The Book of Dust, #1)",Philip Pullman,"Pullman, Philip",,"=""0375815309""","=""9780375815300""",0,4.15,Alfred A. Knopf,Hardcover,449,2017,2017,,2022/08/29,to-read,to-read (#75),to-read,,,,0,0
22552026,Long Way Down,Jason Reynolds,"Reynolds, Jason",,"=""1481438255""","=""9781481438254""",0,4.26,Atheneum/Caitlyn Dlouhy Books,Hardcover,306,2017,2017,,2022/08/29,to-read,to-read (#74),to-read,,,,0,0
34323570,"Furyborn (Empirium, #1)",Claire Legrand,"Legrand, Claire",,"=""1492656623""","=""9781492656623""",0,3.80,Sourcebooks Fire,Hardcover,501,2018,2018,,2022/08/29,to-read,to-read (#73),to-read,,,,0,0
39348113,"Skyward (Skyward, #1)",Brandon Sanderson,"Sanderson, Brandon",,"=""0399555773""","=""9780399555770""",0,4.49,Delacorte Press,Hardcover,510,2018,2018,,2022/08/29,to-read,to-read (#72),to-read,,,,0,0
36341204,"What If It's Us (What If It's Us, #1)",Becky Albertalli,"Albertalli, Becky",Adam Silvera,"=""0062795252""","=""9780062795250""",0,3.83,HarperTeen,Hardcover,437,2018,2018,,2022/08/29,to-read,to-read (#71),to-read,,,,0,0
36492488,"We Hunt the Flame (Sands of Arawiya, #1)",Hafsah Faizal,"Faizal, Hafsah",,"=""0374311544""","=""9780374311544""",0,3.91,"Farrar, Straus and Giroux",Hardcover,472,2019,2019,,2022/08/29,to-read,to-read (#70),to-read,,,,0,0
28421168,"Renegades (Renegades, #1)",Marissa Meyer,"Meyer, Marissa",,"=""1250044669""","=""9781250044662""",0,4.14,Feiwel & Friends,Hardcover,552,2017,2017,,2022/08/29,to-read,to-read (#69),to-read,,,,0,0
34499221,"To Kill a Kingdom (Hundred Kingdoms, #1)",Alexandra Christo,"Christo, Alexandra",,"=""1250112680""","=""9781250112682""",0,3.76,Feiwel & Friends,Hardcover,344,2018,2018,,2022/08/29,to-read,to-read (#68),to-read,,,,0,0
26032825,"The Cruel Prince (The Folk of the Air, #1)",Holly Black,"Black, Holly",,"=""""","=""""",0,4.07,"Little, Brown Books for Young Readers",Hardcover,370,2018,2018,,2022/08/29,to-read,to-read (#67),to-read,,,,0,0
40024139,"Serpent & Dove (Serpent & Dove, #1)",Shelby Mahurin,"Mahurin, Shelby",,"=""""","=""""",0,4.01,HarperTeen,Hardcover,513,2019,2019,,2022/08/29,to-read,to-read (#66),to-read,,,,0,0
34728667,"Children of Blood and Bone (Legacy of Orïsha, #1)",Tomi Adeyemi,"Adeyemi, Tomi",,"=""1250170974""","=""9781250170972""",0,4.11,Henry Holt Company,Hardcover,544,2018,2018,,2022/08/29,to-read,to-read (#65),to-read,,,,0,0
42653408,"Die Verlobten des Winters (Die Spiegelreisenden, #1)",Christelle Dabos,"Dabos, Christelle",,"=""""","=""9783458177920""",2,4.05,Insel Verlag,Hardcover,550,2019,2013,,2020/01/19,,,read,,,,1,0
46117230,Vom glücklichen Leben: Eine Auswahl aus seinen Schriften,Seneca,"Seneca, Seneca",,"=""3520005158""","=""9783520005151""",3,3.85,Kroener Alfred GmbH + Co.,Hardcover,,2018,55,2022/08/20,2019/12/30,,,read,,,,1,0
7748743,"Erebos (Erebos, #1)",Ursula Poznanski,"Poznanski, Ursula",,"=""3785569572""","=""9783785569573""",4,4.09,Loewe,Paperback,486,2010,2010,,2020/01/03,,,read,,,,1,0
46195924,Die vergessene Stadt (Zauberschiffe #5),Robin Hobb,"Hobb, Robin",,"=""394634979X""","=""9783946349792""",5,4.46,Audiopool Hoerbuchverlag,Audio CD,,2018,2000,,2019/10/20,,,read,,,,1,0
43915,Magician: Apprentice Volume 1  (Raymond E. Feist's Magician: Apprentice #1),Raymond E. Feist,"Feist, Raymond E.","Bryan Jason Lee Glass, Brett Booth, Ryan Stegman","=""0785127224""","=""9780785127222""",5,4.45,Marvel Enterprises,Hardcover,168,2007,1984,,2022/01/30,,,read,,,,1,0
57623348,"Home: Habitat, Range, Niche, Territory (The Murderbot Diaries, #4.5)",Martha Wells,"Wells, Martha",,"=""125083886X""","=""9781250838865""",0,4.09,Tor Books,ebook,19,2021,2020,,2021/12/21,to-read,to-read (#64),to-read,,,,0,0
54493401,Project Hail Mary,Andy Weir,"Weir, Andy",,"=""0593135202""","=""9780593135204""",5,4.52,Ballantine Books,Hardcover,476,2021,2021,,2021/07/22,,,read,,,,1,0
7520886,Rocannons Welt,Ursula K. Le Guin,"Guin, Ursula K. Le",,"=""345330473X""","=""9783453304734""",3,3.78,Heyne,Paperback,124,1978,1966,2021/10/24,2019/12/30,,,read,,,,1,0
37803821,"Das Labyrinth von London (Alex Verus, #1)",Benedict Jacka,"Jacka, Benedict",Michelle Gyo,"=""3734161657""","=""9783734161650""",0,3.89,Blanvalet,Paperback,416,2018,2012,,2021/10/16,to-read,to-read (#63),to-read,,,,0,0
22851350,Ender's Game - Das große Spiel,Orson Scott Card,"Card, Orson Scott",,"=""3862016455""","=""9783862016457""",4,4.31,"A Tor Book (Tom Doherty Associates, LLC)",Paperback,,2013,1985,,2019/10/20,,,read,,,,1,0
50548197,"A Deadly Education (The Scholomance, #1)",Naomi Novik,"Novik, Naomi",,"=""0593128486""","=""9780593128480""",0,3.99,Del Rey,Hardcover,336,2020,2020,,2021/07/22,to-read,to-read (#62),to-read,,,,0,0
43521693,"The City We Became (Great Cities, #1)",N.K. Jemisin,"Jemisin, N.K.",,"=""0316509841""","=""9780316509848""",0,3.89,Orbit,Hardcover,437,2020,2020,,2021/07/22,to-read,to-read (#61),to-read,,,,0,0
50623864,The Invisible Life of Addie LaRue,V.E. Schwab,"Schwab, V.E.",,"=""0765387565""","=""9780765387561""",0,4.20,Tor Books,Hardcover,448,2020,2020,,2021/07/22,to-read,to-read (#60),to-read,,,,0,0
44778083,"House of Earth and Blood (Crescent City, #1)",Sarah J. Maas,"Maas, Sarah J.",,"=""1635574048""","=""9781635574043""",0,4.48,Bloomsbury Publishing,Hardcover,803,2020,2020,,2021/07/22,to-read,to-read (#59),to-read,,,,0,0
29056083,"Harry Potter and the Cursed Child: Parts One and Two (Harry Potter, #8)",J.K. Rowling,"Rowling, J.K.","Jack Thorne, John Tiffany","=""""","=""""",5,3.50,"Little, Brown",Hardcover,343,2016,2016,,2021/07/22,,,read,,,,1,0
1215032,"The Wise Man's Fear (The Kingkiller Chronicle, #2)",Patrick Rothfuss,"Rothfuss, Patrick",,"=""0756404738""","=""9780756404734""",4,4.55,DAW Books,Hardcover,994,2011,2011,,2021/07/22,,,read,,,,1,0
10664113,"A Dance with Dragons (A Song of Ice and Fire, #5)",George R.R. Martin,"Martin, George R.R.",,"=""""","=""""",4,4.33,Bantam,Kindle Edition,1125,2011,2011,,2021/07/22,,,read,,,,1,0
68428,"The Final Empire (Mistborn, #1)",Brandon Sanderson,"Sanderson, Brandon",,"=""""","=""9780765311788""",4,4.47,Tor Books,Hardcover,537,2006,2006,,2021/07/22,,,read,,,,1,0
11428870,"Vernichtender Hass (Die Legenden der Albae, #2)",Markus Heitz,"Heitz, Markus",,"=""3492701973""","=""9783492701976""",4,4.04,Piper,Paperback,652,2011,2011,,2021/07/22,,,read,,,,1,0
1599109,Anne McCaffrey: A Life with Dragons,Robin  Roberts,"Roberts, Robin",,"=""157806998X""","=""9781578069989""",5,4.43,University Press of Mississippi,Hardcover,240,2007,2007,,2021/07/22,,,read,,,,1,0
472626,Krabat. Schulausgabe.,Otfried Preußler,"Preußler, Otfried",,"=""3522144104""","=""9783522144100""",4,3.93,Thienemanns,Paperback,296,1988,1971,,2021/07/22,,,read,,,,1,0
465904,"Dragonsdawn (Pern, #9)",Anne McCaffrey,"McCaffrey, Anne",,"=""0893662135""","=""9780893662134""",4,4.22,Ultramarine Pub Co,Hardcover,384,1988,1988,,2021/07/22,,,read,,,,1,0
238965,Dragonharper: A Crossroads Adventure in the world of Anne McCaffrey's Pern,Jody Lynn Nye,"Nye, Jody Lynn",Anne McCaffrey,"=""0812564049""","=""9780812564044""",5,4.48,Tor Books,Mass Market Paperback,256,1987,1987,,2021/07/22,,,read,,,,1,0
68146,The Swarm,Frank Schätzing,"Schätzing, Frank",,"=""0060813261""","=""9780060813260""",5,4.09,Regan Books,Hardcover,881,2006,2004,,2021/07/22,,,read,,,,0,0
44420030,Agatha H. and the Siege of Mechanicsburg (Girl Genius #4),Phil Foglio,"Foglio, Phil",Kaja Foglio,"=""""","=""""",0,4.54,Night Shade,Kindle Edition,456,2020,2020,,2021/07/22,to-read,to-read (#58),to-read,,,,0,0
55188449,"The Desert Prince (Nightfall Saga, #1)",Peter V. Brett,"Brett, Peter V.",,"=""1984817086""","=""9781984817082""",0,4.26,Del Rey,Hardcover,656,2021,2021,,2021/07/22,to-read,to-read (#57),to-read,,,,0,0
32176506,Silicon Germany: Wie wir die digitale Transformation schaffen (German Edition),Christoph Keese,"Keese, Christoph",,"=""""","=""""",2,3.98,Albrecht Knaus Verlag,Kindle Edition,369,2016,,2021/04/20,2019/12/30,,,read,,,,1,0
41021418,"The Wolf's Call (Raven's Blade, #1)",Anthony Ryan,"Ryan, Anthony",,"=""""","=""""",4,4.28,Ace,Kindle Edition,432,2019,2019,,2019/10/20,,,read,,,,1,0
43228888,"Ahren (The 13th Paladin, #1)",Torsten Weitze,"Weitze, Torsten",Tim Casey,"=""""","=""""",4,4.38,,Kindle Edition,379,2018,2017,,2021/04/20,,,read,,,,1,0
16281524,Pulsarnacht,Dietmar Dath,"Dath, Dietmar",,"=""3453314069""","=""9783453314061""",0,3.62,Heyne,Paperback,432,2012,2012,,2020/12/05,to-read,to-read (#56),to-read,,,,0,0
4603896,"Der nasse Fisch (Gereon Rath, #1)",Volker Kutscher,"Kutscher, Volker",,"=""3462039326""","=""9783462039320""",0,3.75,Kiepenheuer & Witsch,Hardcover,494,2007,2007,,2020/12/05,to-read,to-read (#55),to-read,,,,0,0
5907,"The Hobbit (The Lord of the Rings, #0)",J.R.R. Tolkien,"Tolkien, J.R.R.","Douglas A. Anderson, Michael Hague, Jemima Catlin","=""""","=""""",4,4.28,Houghton Mifflin,Paperback,366,2002,1937,,2020/09/18,,,read,,,,1,0
343,Perfume: The Story of a Murderer,Patrick Süskind,"Süskind, Patrick",John E. Woods,"=""0140120831""","=""9780140120837""",4,4.03,Penguin Books,Paperback,263,1987,1985,,2020/09/18,,,read,,,,1,0
233093,"The Cat in the Hat (The Cat in the Hat, #1)",Dr. Seuss,"Seuss, Dr.",,"=""039480001X""","=""9780394800011""",0,4.18,Random House Books for Young Readers,Hardcover,61,1985,1957,,2020/09/18,to-read,to-read (#54),to-read,,,,0,0
36236124,Fight Club,Chuck Palahniuk,"Palahniuk, Chuck",,"=""0393355942""","=""9780393355949""",0,4.19,W. W. Norton & Company,Paperback,224,2018,1996,,2020/09/18,to-read,to-read (#53),to-read,,,,0,0
15881,"Harry Potter and the Chamber of Secrets (Harry Potter, #2)",J.K. Rowling,"Rowling, J.K.",Mary GrandPré,"=""""","=""""",3,4.43,Arthur A. Levine Books,Hardcover,341,1999,1998,,2020/09/18,,,read,,,,1,0
119073,The Name of the Rose,Umberto Eco,"Eco, Umberto",William Weaver,"=""0156001314""","=""9780156001311""",5,4.13,Harvest Books,Paperback,536,1994,1980,,2020/09/18,,,read,,,,1,0
1618,The Curious Incident of the Dog in the Night-Time,Mark Haddon,"Haddon, Mark",,"=""1400032717""","=""9781400032716""",4,3.89,Vintage,Paperback,226,2004,2003,,2020/09/18,,,read,,,,1,0
113436,"Eragon (The Inheritance Cycle, #1)",Christopher Paolini,"Paolini, Christopher",,"=""0375826696""","=""9780375826696""",4,3.94,Alfred A. Knopf,Paperback,503,2005,2002,,2020/09/18,,,read,,,,1,0
1,"Harry Potter and the Half-Blood Prince (Harry Potter, #6)",J.K. Rowling,"Rowling, J.K.",,"=""""","=""""",4,4.58,Scholastic Inc.,Paperback,652,2006,2005,,2020/09/18,,,read,,,,1,0
6,"Harry Potter and the Goblet of Fire (Harry Potter, #4)",J.K. Rowling,"Rowling, J.K.","Mary GrandPré, Jim Kay","=""""","=""""",3,4.56,Scholastic,Paperback,734,2002,2000,,2020/09/18,,,read,,,,1,0
2165,The Old Man and the Sea,Ernest Hemingway,"Hemingway, Ernest",,"=""0684830493""","=""9780684830490""",4,3.80,Scribner,Hardcover,96,1996,1952,,2020/09/18,,,read,,,,1,0
5,"Harry Potter and the Prisoner of Azkaban (Harry Potter, #3)",J.K. Rowling,"Rowling, J.K.",Mary GrandPré,"=""043965548X""","=""9780439655484""",4,4.58,Scholastic Inc.,Mass Market Paperback,435,2004,1999,,2020/09/18,,,read,,,,1,0
52036,Siddhartha,Hermann Hesse,"Hesse, Hermann","Hilda Rosner, Zigmantas Ardickas","=""""","=""""",0,4.06,Bantam Books,Mass Market Paperback,152,1981,1922,,2020/09/18,to-read,to-read (#52),to-read,,,,0,0
136251,"Harry Potter and the Deathly Hallows (Harry Potter, #7)",J.K. Rowling,"Rowling, J.K.",,"=""""","=""""",4,4.62,Arthur A. Levine Books,Hardcover,759,2007,2007,,2020/09/18,,,read,,,,1,0
5043,"The Pillars of the Earth (Kingsbridge, #1)",Ken Follett,"Follett, Ken",,"=""""","=""""",4,4.33,NAL Trade,Paperback,976,2002,1989,,2020/09/18,,,read,,,,1,0
38447,"The Handmaid’s Tale (The Handmaid's Tale, #1)",Margaret Atwood,"Atwood, Margaret",,"=""""","=""""",0,4.13,Anchor Books,Paperback,314,1998,1985,,2020/09/18,to-read,to-read (#51),to-read,,,,0,0
4214,Life of Pi,Yann Martel,"Martel, Yann",,"=""0770430074""","=""9780770430078""",0,3.93,Seal Books,Paperback,460,2006,2001,,2020/09/18,to-read,to-read (#50),to-read,,,,0,0
3,"Harry Potter and the Sorcerer's Stone (Harry Potter, #1)",J.K. Rowling,"Rowling, J.K.",,"=""""","=""""",4,4.47,Scholastic Inc,Hardcover,309,2003,1997,,2020/09/18,,,read,,,,1,0
157993,The Little Prince,Antoine de Saint-Exupéry,"Saint-Exupéry, Antoine de",Richard Howard,"=""""","=""""",3,4.32,"Harcourt, Inc.",Paperback,96,2000,1943,,2020/09/18,,,read,,,,1,0
4671,The Great Gatsby,F. Scott Fitzgerald,"Fitzgerald, F. Scott",,"=""""","=""""",4,3.93,Scribner,Paperback,180,1925,1925,,2020/09/18,,,read,,,,1,0
968,"The Da Vinci Code (Robert Langdon, #2)",Dan Brown,"Brown, Dan",,"=""""","=""""",3,3.91,Anchor,Paperback,489,2006,2003,,2020/09/18,,,read,,,,1,0
386162,"The Hitchhiker's Guide to the Galaxy (The Hitchhiker's Guide to the Galaxy, #1)",Douglas Adams,"Adams, Douglas",,"=""""","=""""",5,4.23,Del Rey,Paperback,193,2007,1979,,2020/09/18,,,read,,,,1,0
30,J.R.R. Tolkien 4-Book Boxed Set: The Hobbit and The Lord of the Rings,J.R.R. Tolkien,"Tolkien, J.R.R.",,"=""0345538374""","=""9780345538376""",4,4.61,Ballantine Books,Mass Market Paperback,1728,2012,1954,,2020/09/18,,,read,,,,1,0
1502769,Der Zauberhut (Scheibenwelt #5),Terry Pratchett,"Pratchett, Terry",Andreas Brandhorst,"=""3492285171""","=""9783492285179""",4,3.91,Piper,Paperback,368,2004,1988,2020/09/18,2020/08/22,,,read,,,,2,0
27003,"The Eyre Affair (Thursday Next, #1)",Jasper Fforde,"Fforde, Jasper",,"=""0142001805""","=""9780142001806""",0,3.88,Penguin Books,Paperback,374,2003,2001,,2020/08/24,to-read,to-read (#49),to-read,,,,0,0
1502761,"Das Licht der Phantasie (Scheibenwelt, #2)",Terry Pratchett,"Pratchett, Terry",Andreas Brandhorst,"=""3492285015""","=""9783492285018""",4,4.00,Piper,Paperback,286,2005,1986,,2020/08/22,,,read,Die Truhe ist genial .... und hungrig,,,1,0
1237017,"Die Farben der Magie (Scheibenwelt, #1)",Terry Pratchett,"Pratchett, Terry",Andreas Brandhorst,"=""3492285104""","=""9783492285100""",4,4.00,Piper ,Paperback,270,2004,1983,,2020/08/22,,,read,"Herrlicher Humor, sehr hintersinnig, ...",,,1,0
15729539,NOS4A2,Joe Hill,"Hill, Joe",,"=""0062200577""","=""9780062200570""",0,4.08,William Morrow,Hardcover,692,2013,2013,,2020/07/28,to-read,to-read (#48),to-read,,,,0,0
7202841,"Locke & Key, Vol. 3: Crown of Shadows",Joe Hill,"Hill, Joe","Gabriel Rodríguez, Brian K. Vaughan","=""1600106951""","=""9781600106958""",0,4.39,IDW Publishing,Hardcover,152,2013,2010,,2020/07/28,to-read,to-read (#47),to-read,,,,0,0
17666457,Tränen sind immer das Ende,Akif Pirinçci,"Pirinçci, Akif",,"=""3442210259""","=""""",0,2.86,Goldmann Verlag,Paperback,256,1980,1980,,2020/07/28,to-read,to-read (#46),to-read,,,,0,0
45013523,Das Institut,Stephen King,"King, Stephen",Bernhard Kleinschmidt,"=""3453272374""","=""9783453272378""",0,4.20,Heyne Verlag,Hardcover,752,2019,2019,,2020/07/28,to-read,to-read (#45),to-read,,,,0,0
23810033,"Die verborgene Hand (Bite Back, #1)",Mark Henwick,"Henwick, Mark",Haike Falkenberg,"=""""","=""9780957374683""",0,4.04,Marque,ebook,574,2014,2012,,2019/10/20,to-read,to-read (#30),to-read,,,,0,0
52911169,Der Oktobermann,Ben Aaronovitch,"Aaronovitch, Ben",Christine Blum,"=""""","=""""",0,4.01,dtv,Kindle Edition,209,2019,2019,,2019/11/08,to-read,to-read (#43),to-read,,,,0,0
43822024,"The Toll (Arc of a Scythe, #3)",Neal Shusterman,"Shusterman, Neal",,"=""1481497065""","=""9781481497060""",4,4.20,Simon & Schuster Books for Young Readers,Hardcover,625,2019,2019,,2020/03/07,,,read,"Plot ist sehr gut ausgefeilt, interessante Wendung, World Building super",,,1,0
541868,"Die Gärten des Mondes (Das Spiel der Götter, #1)",Steven Erikson,"Erikson, Steven",Tim Straetmann,"=""3442249325""","=""9783442249329""",0,3.92,Blanvalet,Paperback,798,2000,1999,,2019/10/20,to-read,to-read (#31),to-read,,,,0,0
51914250,"Pile of Bones (The Legends of the First Empire, #0.5)",Michael J. Sullivan,"Sullivan, Michael J.",,"=""""","=""""",0,3.78,Independently published,ebook,36,2019,2019,,2019/10/20,to-read,to-read (#25),to-read,,,,0,0
51859965,Der Untergang der Könige (Drachengesänge #1),Jenn Lyons,"Lyons, Jenn","Urban Hofstetter, Michael Pfingstl","=""""","=""""",0,3.84,Klett-Cotta,Kindle Edition,863,2019,2019,,2019/11/08,to-read,to-read (#42),to-read,,,,0,0
51836105,Lockwood & Co. - Das Grauenvolle Grab,Jonathan Stroud,"Stroud, Jonathan",,"=""3570312917""","=""9783570312919""",5,4.61,cbt,Paperback,512,2019,2017,,2019/10/20,,,read,,,,1,0
33555224,"Thunderhead (Arc of a Scythe, #2)",Neal Shusterman,"Shusterman, Neal",,"=""1442472456""","=""9781442472457""",4,4.41,Simon & Schuster Books for Young Readers,Hardcover,504,2018,2018,2020/02/21,2020/02/09,,,read,Nett,,,2,0
26009736,Ukulele Strums,Kurt Thomas,"Thomas, Kurt",,"=""""","=""""",0,0.0,,Kindle Edition,,2015,2015,,2020/02/16,to-read,to-read (#44),to-read,,,,0,0
17805734,Learning Python with Raspberry Pi,Alex Bradbury,"Bradbury, Alex",Ben Everard,"=""1118717058""","=""9781118717059""",3,3.82,Wiley,Paperback,288,2014,2013,,2020/02/16,,,read,War nicht wirklich neues dabei,,,1,0
35075612,"Die Hüter des Todes (Scythe, #1)",Neal Shusterman,"Shusterman, Neal","Pauline Kurbasik, Kristian Lutze","=""""","=""9783737355063""",4,4.33,FISCHER Sauerländer,Hardcover,528,2017,2016,2020/02/09,2019/10/20,,,read,"Sehr gut durchdachte Young Adult Fiction. Klar, ein paar Klischees gibt's, hat mir trotzdem gut gefallen.<br/>Gelesen und Gehört, die verschiedenen Sprecher sind super.",,,1,0
13642,"A Wizard of Earthsea (Earthsea Cycle, #1)",Ursula K. Le Guin,"Guin, Ursula K. Le",,"=""0553383043""","=""9780553383041""",5,4.01,,Paperback,183,2004,1968,2020/02/02,2019/12/31,,,read,Meiner Meinung nach ein Meisterwerk. Kein Wort zuviel oder zuwenig. Schön mal was neues Altes gelesen zu haben.,,,2,0
18931703,"Die Suche nach dem Auge der Welt (Das Rad der Zeit, #1)",Robert Jordan,"Jordan, Robert",Uwe Luserke,"=""3492959326""","=""""",4,4.19,Piper ebooks,Kindle Edition,897,2012,1990,,2020/01/19,,,read,,,,1,0
40121378,Atomic Habits: An Easy & Proven Way to Build Good Habits & Break Bad Ones,James Clear,"Clear, James",,"=""0735211302""","=""""",4,4.37,Avery,Kindle Edition,319,2018,2018,2020/01/26,2020/01/14,,,read,Gutes Konzept wenn man neue Gewohnheiten annehmen will. Mir fehlt aber ein praktischer Leitfaden,,,1,0
24945404,The Obesity Code: Unlocking the Secrets of Weight Loss,Jason Fung,"Fung, Jason",Timothy Noakes,"=""1771641258""","=""9781771641258""",3,4.38,Greystone Books,Paperback,315,2016,2016,,2020/01/22,,,read,"Ok, Fasten Ist gut, verstanden. Sehr wissenschaftlich, mir fehlt die praktische Anleitung.",,,1,0
15361033,Drohende Schatten,Robert Jordan,"Jordan, Robert",,"=""9783860475""","=""""",4,4.27,Bechtermünz Verlag,Hardcover,,1997,1990,,2020/01/19,,,read,"Klassische Fantasy, gut geschrieben und interessant erzählt.",,,1,0
7713773,"Schattenwanderer (Die Chroniken von Siala, #1)",Alexey Pehov,"Pehov, Alexey","Алексей Пехов, Christiane Pöhlmann","=""3492701868""","=""9783492701860""",4,3.98,Piper,Paperback,558,2010,2002,2020/01/12,2019/12/30,,,read,Als Hörbuch gelesen:<br/><br/>Geschichte ist kurzweilig und recht abwechslungsreich geschrieben.<br/>- Sehr blumig geschrieben<br/>- Charaktere sind gut entwickelt,,,1,0
35490154,"Kollaps: Das Imperium der Ströme (The Interdependency, #1)",John Scalzi,"Scalzi, John",Bernhard Kempen,"=""3596299667""","=""9783596299669""",2,4.11,Fischer TOR,Paperback,416,2017,2017,2020/01/11,2018/08/30,,,read,,,,1,0
38944698,Der Ernährungskompass: Das Fazit aller wissenschaftlichen Studien zum Thema Ernährung,Bas Kast,"Kast, Bas",,"=""3641201071""","=""9783641201074""",5,4.49,C.Bertelsmann Verlag,Kindle Edition,337,2018,2018,,2019/12/30,,,read,,,,1,0
25375672,"Die raunende Maske (Lockwood & Co., #3)",Jonathan Stroud,"Stroud, Jonathan",,"=""3570159639""","=""9783570159637""",4,4.37,cbj,Hardcover,460,2015,2015,,2019/11/04,,,read,,,,1,0
49533694,"Göttertod (The First Empire, #3)",Michael J. Sullivan,"Sullivan, Michael J.",Carina Schnell,"=""3426520354""","=""9783426520352""",4,4.42,Knaur TB,Paperback,512,2019,2018,,2019/10/20,,,read,,,,1,0
42592353,"Age of Legend (The Legends of the First Empire, #4)",Michael J. Sullivan,"Sullivan, Michael J.",Simonetti,"=""194414529X""","=""9781944145293""",4,4.35,Riyria Enterprises LLC,Hardcover,480,2019,2019,2019/11/03,2019/10/20,,,read,,,,1,0
114955,"The Arctic Incident  (Artemis Fowl, #2)",Eoin Colfer,"Colfer, Eoin",Sian Melangell Dafydd,"=""""","=""""",5,3.96,Hyperion Books for Children,Paperback,398,2004,2002,,2019/12/02,,,read,,,,1,0
36588689,"Die Gefährten (Belgariad Saga, #1)",David Eddings,"Eddings, David",Irmhild Hübner,"=""3641226554""","=""9783641226558""",5,4.16,Blanvalet,Kindle Edition,400,2018,1982,2019/10/20,2019/05/21,,,read,,,,1,0
17612917,Phoenix,S.F. Said,"Said, S.F.",Dave McKean,"=""038561814X""","=""9780385618144""",0,4.33,David Fickling Books,Hardcover,496,2013,2013,,2019/11/04,to-read,to-read (#41),to-read,,,,0,0
23606648,"The Dagger in the Desk (Lockwood & Co., #1.5)",Jonathan Stroud,"Stroud, Jonathan",,"=""1448196949""","=""9781448196944""",0,3.96,RHCP Digital,ebook,44,2015,2013,,2019/11/04,to-read,to-read (#40),to-read,,,,0,0
44012031,"Drachenmond (Luna, #3)",Ian McDonald,"McDonald, Ian",Friedrich Mader,"=""3453317971""","=""9783453317970""",0,3.93,"Wilhelm Heyne Verlag, München",Paperback,464,2019,2019,,2019/11/04,to-read,to-read (#39),to-read,,,,0,0
32810971,"Das Imperium (Imperial Radch, #3)",Ann Leckie,"Leckie, Ann",Bernhard Kempen,"=""3453317262""","=""9783453317260""",0,4.21,Heyne Verlag,Paperback,500,2017,2015,,2019/11/04,to-read,to-read (#38),to-read,,,,0,0
41815341,"Initiate (Animus, #1)",Joshua Anderle,"Anderle, Joshua",Michael Anderle,"=""""","=""""",0,4.29,LMBPN Publishing,Kindle Edition,412,2018,2018,,2019/11/03,to-read,to-read (#37),to-read,,,,0,0
43554718,Der Schwarze Thron: Die Schwestern / Die Königin: Zwei Romane in einem Band,Kendare Blake,"Blake, Kendare",,"=""3734161878""","=""9783734161872""",0,3.82,Blanvalet Taschenbuch Verlag,Paperback,960,2019,,,2019/06/03,to-read,to-read (#24),to-read,,,,0,0
35126152,"Iron and Magic (The Iron Covenant, #1; World of Kate Daniels, #11)",Ilona Andrews,"Andrews, Ilona",,"=""1641970405""","=""9781641970402""",0,4.41,"Nancy Yost Literary Agency, Inc",Paperback,392,2018,2018,,2019/10/20,to-read,to-read (#36),to-read,,,,0,0
34311452,"Year One (Chronicles of The One, #1)",Nora Roberts,"Roberts, Nora",,"=""1250122953""","=""9781250122957""",0,4.05,St. Martin's Press,Hardcover,419,2017,2017,,2019/10/20,to-read,to-read (#35),to-read,,,,0,0
36521316,The Shape of Water,Guillermo del Toro,"Toro, Guillermo del",Daniel Kraus,"=""1250165342""","=""9781250165343""",0,3.89,Feiwel & Friends,Hardcover,315,2018,2017,,2019/10/20,to-read,to-read (#34),to-read,,,,0,0
44144248,Lost and Found,Orson Scott Card,"Card, Orson Scott",,"=""1982613416""","=""9781982613419""",0,4.06,Blackstone Publishers,Hardcover,281,2019,2019,,2019/10/20,to-read,to-read (#33),to-read,,,,0,0
35132289,"Die Verräterin (Das Imperium der Masken, #1)",Seth Dickinson,"Dickinson, Seth",Jakob Schmidt,"=""""","=""""",0,4.06,Fischer Tor,Kindle Edition,519,2017,2015,,2019/10/20,to-read,to-read (#32),to-read,,,,0,0
16058396,"Die Königin (Sonea, #3)",Trudi Canavan,"Canavan, Trudi",,"=""""","=""9783764530433""",4,4.03,Penhaligon,Hardcover,608,2012,2012,,2019/10/20,,,read,,,,1,0
10117050,"Die Heilerin (Sonea, #2)",Trudi Canavan,"Canavan, Trudi",Michaela Link,"=""""","=""9783764530426""",4,4.04,Penhaligon,Hardcover,576,2011,2011,,2019/10/20,,,read,,,,1,0
10238585,"Die Hüterin (Sonea, #1)",Trudi Canavan,"Canavan, Trudi",Michaela Link,"=""""","=""9783442377251""",4,3.93,Blanvalet Taschenbuch Verlag,Paperback,608,2011,2010,,2019/10/20,,,read,,,,1,0
19061929,Skinwalker: Fluch des Blutes,Faith Hunter,"Hunter, Faith",Stefanie Zeller,"=""""","=""""",0,4.16,Egmont LYX.digital,Kindle Edition,449,2012,2010,,2019/10/20,to-read,to-read (#29),to-read,,,,0,0
13335037,"Divergent (Divergent, #1)",Veronica Roth,"Roth, Veronica",,"=""0062024035""","=""9780062024039""",0,4.15,Katherine Tegen Books,Paperback,487,2012,2011,,2019/10/20,to-read,to-read (#28),to-read,,,,0,0
2,"Harry Potter and the Order of the Phoenix (Harry Potter, #5)",J.K. Rowling,"Rowling, J.K.",Mary GrandPré,"=""""","=""""",5,4.50,Scholastic Inc.,Paperback,912,2004,2003,,2019/10/20,,,read,,,,1,0
2767052,"The Hunger Games (The Hunger Games, #1)",Suzanne Collins,"Collins, Suzanne",,"=""0439023483""","=""9780439023481""",4,4.33,Scholastic Press,Hardcover,374,2008,2008,,2019/10/20,,,read,,,,1,0
4473,A Prayer for Owen Meany,John Irving,"Irving, John",,"=""0552135399""","=""9780552135399""",5,4.24,Black Swan,Paperback,637,1990,1989,,2019/10/20,,,read,,,,1,0
234225,"Dune (Dune, #1)",Frank Herbert,"Herbert, Frank",,"=""0340839937""","=""9780340839935""",4,4.26,Hodder,Paperback,604,2006,1965,,2019/10/20,,,read,,,,1,0
2429135,"The Girl with the Dragon Tattoo (Millennium, #1)",Stieg Larsson,"Larsson, Stieg",Reg Keeland,"=""0670069019""","=""9780670069019""",5,4.16,Viking Canada,Hardcover,480,2008,2005,,2019/10/20,,,read,,,,1,0
10964,"Outlander (Outlander, #1)",Diana Gabaldon,"Gabaldon, Diana",,"=""0440242940""","=""9780440242949""",0,4.26,Dell Publishing Company,Mass Market Paperback,850,2005,1991,,2019/10/20,to-read,to-read (#27),to-read,,,,0,0
4981,Slaughterhouse-Five,Kurt Vonnegut Jr.,"Jr., Kurt Vonnegut",,"=""0385333846""","=""9780385333849""",0,4.09,Dial Press,Paperback,275,1999,1969,,2019/10/20,to-read,to-read (#26),to-read,,,,0,0
865,The Alchemist,Paulo Coelho,"Coelho, Paulo",Alan R. Clarke,"=""0061122416""","=""9780061122415""",4,3.90,HarperCollins,Paperback,197,1993,1988,,2019/10/20,,,read,,,,1,0
7624,Lord of the Flies,William Golding,"Golding, William",,"=""0140283331""","=""9780140283334""",4,3.69,Penguin Books ,Paperback,182,1999,1954,,2019/10/20,,,read,,,,1,0
25332373,Das Erbe des Kuriers,Peter V. Brett,"Brett, Peter V.",Ingrid Herrmann-Nytko,"=""3641168171""","=""9783641168179""",5,4.04,Heyne Verlag,Kindle Edition,209,2015,2015,2019/05/20,2018/09/01,to-read,to-read (#17),to-read,,,,1,0
34627056,"Der tägliche Stoiker: 366 nachdenkliche Betrachtungen über Weisheit, Beharrlichkeit und Lebensstil",Ryan Holiday,"Holiday, Ryan",Stephen Hanselman,"=""3960920717""","=""9783960920717""",5,4.36,FinanzBuch Verlag,Kindle Edition,470,2017,2016,2019/10/20,2019/05/21,,,read,,,,1,0
18945810,Die Flammen der Dämmerung,Peter V. Brett,"Brett, Peter V.",Ingrid Herrmann-Nytko,"=""""","=""""",4,4.21,Heyne Verlag,Kindle Edition,1057,2013,2013,2019/10/20,2019/10/20,,,read,,,,1,0
35154954,"Das Leuchten der Magie (The Demon Cycle, #5)",Peter V. Brett,"Brett, Peter V.",Ingrid Herrmann-Nytko,"=""345331574X""","=""9783453315747""",4,3.97,Heyne Verlag,Paperback,656,2017,2017,2019/10/20,2019/10/20,,,read,,,,1,0
1502813,Gevatter Tod / Wachen! Wachen!,Terry Pratchett,"Pratchett, Terry",,"=""3453168798""","=""9783453168794""",4,4.34,Heyne,Paperback,426,2000,,2019/10/20,2019/10/20,,,read,,,,1,0
33303580,"Das Erbe der Seher (The Licanius Trilogy, #1)",James  Islington,"Islington, James",Ruggero Leò,"=""3426520958""","=""9783426520956""",4,4.14,Knaur,Paperback,800,2017,2014,2019/10/20,2019/10/20,,,read,,,,1,0
45837836,Das Spiel des Barden,Kevin Hearne,"Hearne, Kevin",,"=""""","=""""",5,4.06,Knaur TB,Paperback,816,2019,2017,2019/10/20,2019/10/20,,,read,,,,1,0
11420997,"Die Furcht des Weisen 1 (Die Königsmörder-Chronik, #2.1)",Patrick Rothfuss,"Rothfuss, Patrick","Jochen Schwarzer, Wolfram Ströle","=""""","=""9783608938166""",5,4.53,Klett-Cotta,Hardcover,860,2011,2011,,2019/10/20,,,read,,,,1,0
1491119,"Rumo & Die Wunder im Dunkeln (Zamonien, #3)",Walter Moers,"Moers, Walter",,"=""3492241778""","=""9783492241779""",3,4.50,Piper,Paperback,693,2004,2003,,2019/10/20,,,read,,,,1,0
2923472,"Die Lügen des Locke Lamora (Gentleman Bastard, #1)",Scott Lynch,"Lynch, Scott",,"=""3453530918""","=""9783453530911""",5,4.30,Heyne,Paperback,847,2007,2006,,2019/10/20,,,read,,,,1,0
17824944,"Die Republik der Diebe (Gentleman Bastard, #3)",Scott Lynch,"Lynch, Scott",Ingrid Herrmann-Nytko,"=""""","=""9783453531949""",4,4.22,Heyne,Paperback,941,2014,2013,,2019/10/20,,,read,,,,1,0
10137823,"The Rithmatist (Rithmatist, #1)",Brandon Sanderson,"Sanderson, Brandon",,"=""0765320320""","=""9780765320322""",4,4.25,Tor Teen,Hardcover,378,2013,2013,,2019/10/20,,,read,,,,1,0
7305379,"Am Rande der Schatten (Night Angel, #2)",Brent Weeks,"Weeks, Brent",Hans Link,"=""3442266297""","=""9783442266296""",4,4.25,Blanvalet,Paperback,704,2010,2008,,2019/10/20,,,read,,,,1,0
25466761,Fettlogik überwinden,Nadja  Hermann,"Hermann, Nadja",Julia Hermel,"=""""","=""""",5,4.15,Kindle Direct Publishing,Kindle Edition,300,2015,2016,,2019/10/20,,,read,,,,1,0
35119275,"Die Herrscher der drei Reiche (Die Zauberschiffe, #6)",Robin Hobb,"Hobb, Robin",Matthias Lühn,"=""""","=""""",5,4.49,Ronin - Hörverlag,Audiobook,19,2017,2000,,2019/10/20,,,read,,,,1,0
33804964,"Viviaces Erwachen (Die Zauberschiffe, #2)",Robin Hobb,"Hobb, Robin",Matthias Lühn,"=""""","=""""",5,4.26,Ronin - Hörverlag,Audiobook,20,2017,1998,,2019/10/20,,,read,,,,1,0
35055853,"Die Stunde des Piraten (Die Zauberschiffe, #4)",Robin Hobb,"Hobb, Robin",Matthias Lühn,"=""""","=""""",4,4.36,Ronin - Hörverlag,Audiobook,14,2017,1999,,2019/10/20,,,read,,,,1,0
17235112,Der Ring der Händler. Viviaces Erwachen. Die Zauberschiffe 01 + 02,Robin Hobb,"Hobb, Robin",,"=""3442244390""","=""""",5,4.20,Blanvalet,Paperback,1024,2007,1998,,2019/10/20,,,read,,,,1,0
45888377,Der blinde Krieger (Zauberschiffe 3),Robin Hobb,"Hobb, Robin",,"=""3946349765""","=""9783946349761""",5,4.33,Audiopool Hoerbuchverlag,CD-ROM,,2018,,,2019/10/20,,,read,,,,1,0
6667916,"Metro 2034 (Metro, #2)",Dmitry Glukhovsky,"Glukhovsky, Dmitry",M. David Drevs,"=""3453533011""","=""9783453533011""",3,3.50,Heyne,Paperback,526,2009,2009,,2019/10/20,,,read,,,,1,0
17274667,"Metro 2033 (Metro, #1)",Dmitry Glukhovsky,"Glukhovsky, Dmitry",,"=""1481845705""","=""9781481845700""",5,4.01,Gollancz,Paperback,458,2013,2002,,2019/10/20,,,read,,,,1,0
36127666,"Die Prüfung (Nevernight, #1)",Jay Kristoff,"Kristoff, Jay","Robert      Frank, Kirsten Borchardt","=""3839815827""","=""9783839815823""",5,4.23,Argon Verlag Gmbh,Audio CD,,2017,2016,,2019/10/20,,,read,,,,1,0
39888377,"Das Spiel (Nevernight, #2)",Jay Kristoff,"Kristoff, Jay",Kirsten Borchardt,"=""3104902925""","=""""",4,4.47,FISCHER TOR,Kindle Edition,701,2018,2017,,2019/10/20,,,read,,,,1,0
902624,Eine kurze Geschichte von fast allem,Bill Bryson,"Bryson, Bill",,"=""3442460719""","=""9783442460717""",5,4.21,Goldmann,Paperback,667,2005,2003,,2019/10/20,,,read,,,,1,0
26218219,Der Thron der Finsternis (Demon-Zyklus #4),Peter V. Brett,"Brett, Peter V.",Ingrid Herrmann-Nytko,"=""""","=""""",4,4.13,Heyne,Kindle Edition,1025,2015,2015,2019/05/21,2018/09/01,,,read,,,,1,0
36256244,"Rebellion (The First Empire, #1)",Michael J. Sullivan,"Sullivan, Michael J.",Oliver Siebeck,"=""""","=""""",4,4.23,Audible GmbH,Audiobook,,2017,2016,,2019/10/20,,,read,,,,1,0
42599001,Das kalte Reich des Silbers,Naomi Novik,"Novik, Naomi",,"=""364123560X""","=""9783641235604""",3,4.21,cbj,Kindle Edition,577,2019,2018,2019/10/20,2019/05/24,,,read,,,,1,0
8029973,"Your Story (The Dresden Files Roleplaying Game, #1)",Leonard Balsera,"Balsera, Leonard","Jim Butcher, Genevieve Cogman, Rob Donoghue, Fred Hicks, Kenneth Hite, Ryan Macklin, Chad Underkoffler, Clark Valentine","=""0977153479""","=""9780977153473""",4,4.25,Evil Hat Productions,Hardcover,416,2010,2010,,2019/10/08,,,read,,,,1,0
44148177,Monsterjäger: Die Eisraben-Chroniken 2,Richard Schwartz,"Schwartz, Richard",,"=""""","=""""",4,4.49,Piper ebooks,Kindle Edition,520,2019,2019,,2019/05/24,,,read,,,,1,0
43768160,Die Dynastie der Maschinen: Roman (German Edition),Daniel H. Wilson,"Wilson, Daniel H.",Oliver Plaschka,"=""""","=""""",0,3.66,Knaur Taschenbuch,Kindle Edition,416,2019,2017,,2019/06/03,to-read,to-read (#23),to-read,,,,0,0
40208446,"Fauler Zauber (Derkholm, #1)",Diana Wynne Jones,"Jones, Diana Wynne",Eva Bauche-Eppers,"=""342652290X""","=""9783426522905""",0,4.11,Knaur,Paperback,480,2019,1998,,2019/06/03,to-read,to-read (#22),to-read,,,,0,0
35015413,"Die Gabe der Könige (Die Chronik der Weitseher, #1)",Robin Hobb,"Hobb, Robin",Eva Bauche-Eppers,"=""""","=""""",4,4.18,Penhaligon Verlag,Paperback,608,2017,1995,2019/05/21,2019/05/21,,,read,,,,1,0
39714124,"Empire of Sand (The Books of Ambha, #1)",Tasha Suri,"Suri, Tasha",,"=""""","=""""",0,3.82,Orbit,Kindle Edition,393,2018,2018,,2019/05/21,to-read,to-read (#21),to-read,,,,0,0
43375416,"Der Galgen von Tyburn (Peter Grant, #6)",Ben Aaronovitch,"Aaronovitch, Ben",Christine Blum,"=""""","=""""",0,4.22,dtv Verlagsgesellschaft,Kindle Edition,416,2017,2016,,2019/05/21,to-read,to-read (#20),to-read,,,,0,0
42197003,Fingerhut-Sommer: Roman (Die Flüsse-von-London-Reihe (Peter Grant) 5) (German Edition),Ben Aaronovitch,"Aaronovitch, Ben",Christine Blum,"=""""","=""""",0,4.20,dtv Verlagsgesellschaft,Kindle Edition,406,2015,2014,,2019/05/21,to-read,to-read (#19),to-read,,,,0,0
42196999,Der böse Ort (Die Flüsse-von-London-Reihe (Peter Grant) #4),Ben Aaronovitch,"Aaronovitch, Ben",Christine Blum,"=""""","=""""",0,4.17,dtv Verlagsgesellschaft,Kindle Edition,395,2014,2013,,2019/05/21,to-read,to-read (#18),to-read,,,,0,0
41842783,Ein Wispern unter Baker Street: Roman (Die Flüsse-von-London-Reihe #3),Ben Aaronovitch,"Aaronovitch, Ben",Christine Blum,"=""""","=""""",4,4.15,dtv Verlagsgesellschaft,Kindle Edition,430,2013,2012,,2019/05/21,,,read,,,,1,0
42193232,Schwarzer Mond über Soho (Die Flüsse-von-London #2),Ben Aaronovitch,"Aaronovitch, Ben",Christine Blum,"=""3423413166""","=""""",4,4.09,dtv Verlagsgesellschaft,Kindle Edition,408,2012,2011,,2019/05/21,,,read,,,,1,0
11427927,Die Flüsse von London (Die Flüsse-von-London-Reihe #1),Ben Aaronovitch,"Aaronovitch, Ben",Karlheinz Dürr,"=""3423213418""","=""9783423213417""",4,3.87,Deutscher Taschenbuch Verlag,Paperback,478,2012,2011,,2019/05/21,,,read,,,,1,0
41216210,Die Unsterblichen,Chloe  Benjamin,"Benjamin, Chloe","Norbert Möllemann, Charlotte Breuer","=""""","=""""",0,3.71,btb,Kindle Edition,480,2018,2018,,2018/08/30,to-read,to-read (#15),to-read,,,,0,0
6736971,"The Desert Spear (Demon Cycle, #2)",Peter V. Brett,"Brett, Peter V.",,"=""0345503813""","=""9780345503817""",4,4.21,Del Rey,Hardcover,579,2010,2010,,2018/08/30,,,read,,,,1,0
6474092,"Das Lied der Dunkelheit (Demon Cycle, #1)",Peter V. Brett,"Brett, Peter V.",Ingrid Herrmann-Nytko,"=""""","=""9783453524767""",5,4.25,Heyne,Paperback,797,2009,2008,,2015/06/01,,,read,,,,1,0
3409176,Der deutsche Science-Fiction-Film - Annäherungen an ein vernachlässigtes Genre,Bernd Perplies,"Perplies, Bernd",,"=""3638451879""","=""""",0,0.0,GRIN,ebook,,,2003,,2018/08/30,to-read,to-read (#16),to-read,,,,0,0
33013296,Phantastische Tierwesen und wo sie zu finden sind: Das Originaldrehbuch,J.K. Rowling,"Rowling, J.K.",Anja Hansen-Schmidt,"=""3551556946""","=""9783551556943""",0,4.18,Carlsen,Hardcover,304,2017,2016,,2018/08/30,to-read,to-read (#12),to-read,,,,0,0
32828924,Die Mutter aller Stürme,John Barnes,"Barnes, John",Martin Gilbert,"=""3453109066""","=""9783453109063""",0,3.73,"Wilhelm Heyne Verlag, München",Mass Market Paperback,732,1996,1994,,2018/08/30,to-read,to-read (#13),to-read,,,,0,0
34671630,Phantastische Tierwesen und wo sie zu finden sind: Harry Potter Hogwarts Schulbücher (German Edition),Newt Scamander,"Scamander, Newt","J.K. Rowling, Klaus Fritz","=""""","=""""",0,3.96,Pottermore Publishing,Kindle Edition,111,2017,2001,,2018/08/30,to-read,to-read (#11),to-read,,,,0,0
38191259,"Der Totengräbersohn 3 (Der Totengräbersohn, #3)",Sam Feuerbach,"Feuerbach, Sam",,"=""""","=""""",4,4.48,www.samfeuerbach.de,Kindle Edition,418,2018,,,2018/05/03,,,read,,,,1,0
35440993,"Der Totengräbersohn 2 (Der Totengräbersohn, #2)",Sam Feuerbach,"Feuerbach, Sam",,"=""""","=""""",4,4.45,www.samfeuerbach.de,Kindle Edition,403,2017,,,2018/05/03,,,read,,,,1,0
23120002,"Das Lied des Blutes (Rabenschatten, #1)",Anthony Ryan,"Ryan, Anthony","Sara Riffel, Hannes Riffel","=""3608939253""","=""9783608939255""",4,4.42,Klett-Cotta,Hardcover,775,2014,2011,2017/01/08,2017/01/08,,,read,,,,2,0
36276327,"The Broken Vow (Spill Zone, #2)",Scott Westerfeld,"Westerfeld, Scott","Alex Puvilland, Hilary Sycamore","=""1626721505""","=""9781626721500""",0,3.83,First Second,Hardcover,223,2018,2018,,2018/07/20,to-read,to-read (#10),to-read,,,,0,0
30634480,"Hüter der Schatten (Die Fengard Chroniken, #1)",Janine Hofeditz,"Hofeditz, Janine",,"=""""","=""""",3,3.70,,Kindle Edition,397,2016,,,2018/06/10,,,read,,,,1,0
31365481,"Frostflamme (Die Chroniken der Sphaera, #1)",Christopher Husberg,"Husberg, Christopher",,"=""3426519208""","=""9783426519202""",3,3.74,Knaur,Paperback,704,2016,2016,2018/06/09,2018/05/03,,,read,,,,1,0
31675259,Der Fluch des Wüstenfeuers,Andrea Bottlinger,"Bottlinger, Andrea",,"=""3608960279""","=""9783608960273""",0,3.75,Klett-Cotta,Paperback,367,2016,,,2018/05/03,to-read,to-read (#9),to-read,,,,0,0
36216607,"QualityLand (QualityLand, #1)",Marc-Uwe Kling,"Kling, Marc-Uwe",,"=""3550050232""","=""9783550050237""",4,4.12,Ullstein,Hardcover,384,2018,2017,,2018/05/03,,,read,,,,1,0
17985585,Drachentrommeln,Anne McCaffrey,"McCaffrey, Anne",Birgit Reß-Bohusch,"=""3453309324""","=""""",5,4.10,Heyne,Paperback,238,1994,1979,,2015/08/08,,,read,,,,2,0
34630305,"Der Totengräbersohn 1 (Der Totengräbersohn, #1)",Sam Feuerbach,"Feuerbach, Sam",,"=""""","=""""",5,4.20,,Kindle Edition,396,2017,,,2018/05/03,,,read,,,,1,0
25972177,"The Waking Fire (The Draconis Memoria, #1)",Anthony Ryan,"Ryan, Anthony",,"=""0356506398""","=""9780356506395""",3,4.05,Orbit,Hardcover,592,2016,2016,,2018/05/03,,,read,,,,2,0
28941103,Shadowed Souls,Jim Butcher,"Butcher, Jim","Kerrie L. Hughes, Seanan McGuire, Kevin J. Anderson, Rob Thurman, Tanya Huff, Kat Richardson, Jim C. Hines, Anton Strout, Lucy A. Snyder, Kristine Kathryn Rusch, Erik Scott de Bie","=""0451474996""","=""9780451474995""",3,3.79,Roc,Paperback,338,2016,2016,,2017/05/06,,,read,,,,1,0
9269901,"Für die Krone (Magierdämmerung, #1)",Bernd Perplies,"Perplies, Bernd",,"=""3802582640""","=""9783802582646""",3,3.67,Lyx,Paperback,448,2010,2010,,2017/05/06,,,read,,,,1,0
19486421,"Skin Game (The Dresden Files, #15)",Jim Butcher,"Butcher, Jim",,"=""0451464397""","=""9780451464392""",4,4.56,Roc,Hardcover,454,2014,2014,,2017/01/08,,,read,,,,1,0
2637138,Welcome to the Jungle,Jim Butcher,"Butcher, Jim",Ardian Syaf,"=""0345507460""","=""9780345507464""",4,4.10,Del Rey/Dabel Brothers,Hardcover,168,2008,2008,,2017/01/08,,,read,,,,1,0
18775169,"Monster Hunter Nemesis (Monster Hunter International, #5)",Larry Correia,"Correia, Larry",,"=""1476736553""","=""9781476736556""",4,4.38,Baen,Hardcover,368,2014,2014,,2017/01/08,,,read,,,,1,0
12398719,"Invincible (The Lost Fleet: Beyond the Frontier, #2)",Jack Campbell,"Campbell, Jack",,"=""1937007456""","=""9781937007454""",3,4.12,Ace,Hardcover,389,2012,2012,,2017/01/08,,,read,,,,1,0
31348123,Galaktische Mission,John Scalzi,"Scalzi, John",Bernhard Kempen,"=""""","=""""",4,3.99,Heyne Verlag,Kindle Edition,497,2016,2015,,2017/01/08,to-read,to-read (#1),to-read,,,,0,0
16180352,"The B-Team (The Human Division, #1)",John Scalzi,"Scalzi, John",,"=""1466830514""","=""9781466830516""",4,4.09,Tor Books,ebook,93,2013,2013,,2017/01/08,,,read,,,,1,0
6761812,Von Lust und Last literarischen Schreibens. Ein Blick in die Werkstatt deutscher Schriftsteller.,Klaus Modick,"Modick, Klaus",Helmut Mörchen,"=""3821808888""","=""9783821808888""",3,3.00,Eichborn,Paperback,,2001,,,2016/01/31,,,read,,,,1,0
25823197,S.- Das Schiff des Theseus,J.J. Abrams,"Abrams, J.J.","Doug Dorst, Tobias Schnettler, Bert Schröder","=""3462047264""","=""9783462047264""",4,3.87,Kiepenheuer & Witsch,Hardcover,544,2015,2013,2018/03/28,2017/01/08,,,read,,,,1,0
1887018,"Das Erste Horn (Das Geheimnis von Askir, #1)",Richard Schwartz,"Schwartz, Richard",,"=""3492266061""","=""9783492266062""",5,4.14,Piper,Paperback,398,2008,2006,,2017/05/06,,,read,,,,1,0
29490414,"Der Herr des Turmes (Rabenschatten, #2)",Anthony Ryan,"Ryan, Anthony","Detlef Bierstedt, Hannes Riffel, Birgit Maria Pfaffinger","=""3837132323""","=""9783837132328""",4,4.17,Random House Audio,MP3 CD,31,2015,2014,,2016/10/15,,,read,,,,1,0
30319750,"Die Königin der Flammen (Rabenschatten, #3)",Anthony Ryan,"Ryan, Anthony","Sara Riffel, Birgit Maria Pfaffinger","=""3608960198""","=""9783608960198""",3,3.70,Klett-Cotta,Hardcover,880,2016,2015,2017/02/06,2016/10/15,,,read,,,,1,0
1778693,"King's Property (Queen of the Orcs, #1)",Morgan Howell,"Howell, Morgan",,"=""0345496507""","=""9780345496508""",0,3.71,Del Rey,Mass Market Paperback,336,2007,2007,,2017/01/31,to-read,to-read (#8),to-read,,,,0,0
30177228,"Das Flammende Phantom (Lockwood & Co., #4)",Jonathan Stroud,"Stroud, Jonathan",,"=""3570159647""","=""9783570159644""",4,4.52,cbj,Hardcover,512,2016,2016,,2017/01/13,,,read,,,,1,0
26114340,"The Curse of Tenth Grave (Charley Davidson, #10)",Darynda Jones,"Jones, Darynda",,"=""1250078199""","=""9781250078193""",0,4.38,St. Martin's Press,Hardcover,342,2016,2016,,2017/01/09,to-read,to-read (#7),to-read,,,,0,0
25776210,"Fire Touched (Mercy Thompson, #9)",Patricia Briggs,"Briggs, Patricia",,"=""0425256766""","=""9780425256763""",0,4.38,Ace,Hardcover,342,2016,2016,,2017/01/09,to-read,to-read (#6),to-read,,,,0,0
20764879,"A Gathering of Shadows (Shades of Magic, #2)",V.E. Schwab,"Schwab, V.E.",,"=""0765376474""","=""9780765376473""",0,4.23,Tor,Hardcover,512,2016,2016,,2017/01/09,to-read,to-read (#5),to-read,,,,0,0
2760772,Es,Stephen King,"King, Stephen",Alexandra von Reinhardt,"=""345302253X""","=""9783453022539""",5,4.25,Heyne,Paperback,860,1996,1986,,2017/01/09,,,read,,,,1,0
12680,Cujo,Stephen King,"King, Stephen",,"=""3404130359""","=""9783404130351""",4,3.77,Bastei Lübbe Verlag,Paperback,351,1987,1981,,2017/01/09,,,read,,,,1,0
9361589,The Night Circus,Erin Morgenstern,"Morgenstern, Erin",,"=""""","=""9780385534635""",0,4.02,Doubleday,Hardcover,400,2011,2011,,2017/01/09,to-read,to-read (#4),to-read,,,,0,0
13496,A Game of Thrones,George R.R. Martin,"Martin, George R.R.",,"=""0553588486""","=""9780553588484""",3,4.44,Bantam,Mass Market Paperback,835,2005,1996,2009/01/09,2017/01/09,,,read,,,,1,0
11771,Das Hotel New Hampshire,John Irving,"Irving, John",Hans Hermann,"=""3257211945""","=""9783257211948""",3,3.92,Diogenes Verlag ,Paperback,597,1984,1981,1989/01/09,2017/01/09,,,read,,,,1,0
47989,"Night Watch (Discworld, #29; City Watch, #6)",Terry Pratchett,"Pratchett, Terry",,"=""055215430X""","=""9780552154307""",4,4.49,Corgi,Paperback,480,2011,2002,,2017/01/08,,,read,,,,1,0
21032488,"The Doors of Stone (The Kingkiller Chronicle, #3)",Patrick Rothfuss,"Rothfuss, Patrick",,"=""0575081449""","=""9780575081444""",0,3.56,Gollancz,Hardcover,896,,,,2017/01/08,to-read,to-read (#3),to-read,,,,0,0
24683898,"The Death of Dulgath (The Riyria Chronicles, #3)",Michael J. Sullivan,"Sullivan, Michael J.",,"=""1943363005""","=""9781943363001""",4,4.38,"Riyria Enterprises, LLC",Paperback,448,2015,2015,,2017/01/08,,,read,,,,1,0
17163514,"The Rose and the Thorn (The Riyria Chronicles, #2)",Michael J. Sullivan,"Sullivan, Michael J.",,"=""0356502287""","=""9780356502281""",3,4.40,Orbit,Paperback,347,2013,2013,,2017/01/08,,,read,,,,1,0
16043804,"The Crown Tower (The Riyria Chronicles, #1)",Michael J. Sullivan,"Sullivan, Michael J.",,"=""031624371X""","=""9780316243711""",4,4.33,Orbit ,Paperback,384,2013,2013,,2017/01/08,,,read,,,,1,0
927979,"Small Favor (The Dresden Files, #10)",Jim Butcher,"Butcher, Jim",,"=""0451461894""","=""9780451461896""",4,4.43,Roc,Hardcover,545,2008,2008,,2017/01/08,,,read,,,,1,0
346087,"Captain's Fury (Codex Alera, #4)",Jim Butcher,"Butcher, Jim",,"=""0441015271""","=""9780441015276""",4,4.37,Ace Hardcover,Hardcover,451,2007,2007,,2017/01/08,,,read,,,,1,0
29394,"Cursor's Fury (Codex Alera, #3)",Jim Butcher,"Butcher, Jim",,"=""0441014348""","=""9780441014347""",4,4.36,Ace Hardcover,Hardcover,442,2006,2006,,2017/01/08,,,read,,,,1,0
6316821,"First Lord's Fury (Codex Alera, #6)",Jim Butcher,"Butcher, Jim",,"=""044101769X""","=""9780441017690""",5,4.39,Ace,Hardcover,465,2009,2009,,2017/01/08,,,read,,,,1,0
2903736,"Princeps' Fury (Codex Alera, #5)",Jim Butcher,"Butcher, Jim",,"=""0441016383""","=""9780441016389""",5,4.37,Ace,Hardcover,386,2008,2008,,2017/01/08,,,read,,,,1,0
133664,"Academ's Fury (Codex Alera, #2)",Jim Butcher,"Butcher, Jim",,"=""0441013406""","=""9780441013401""",4,4.26,Ace,Paperback,702,2010,2005,,2017/01/08,,,read,,,,1,0
29396,"Furies of Calderon (Codex Alera, #1)",Jim Butcher,"Butcher, Jim",,"=""044101268X""","=""9780441012688""",4,4.13,Ace,Paperback,688,2005,2004,,2017/01/08,,,read,,,,1,0
3475161,"Turn Coat (The Dresden Files, #11)",Jim Butcher,"Butcher, Jim",,"=""0451462564""","=""9780451462565""",4,4.44,Roc,Hardcover,418,2009,2009,,2017/01/08,,,read,,,,1,0
8058301,"Ghost Story (The Dresden Files, #13)",Jim Butcher,"Butcher, Jim",James Marsters,"=""045146379X""","=""9780451463791""",4,4.25,Roc Hardcover,Hardcover,481,2011,2011,,2017/01/08,,,read,,,,1,0
91475,"White Night (The Dresden Files, #9)",Jim Butcher,"Butcher, Jim",,"=""0451461401""","=""9780451461407""",5,4.38,Roc Hardcover,Hardcover,407,2007,2007,,2017/01/08,,,read,,,,1,0
91474,"Proven Guilty (The Dresden Files, #8)",Jim Butcher,"Butcher, Jim",,"=""0451461037""","=""9780451461032""",4,4.39,Ace,Paperback,547,2007,2006,,2017/01/08,,,read,,,,1,0
17683,"Dead Beat (The Dresden Files, #7)",Jim Butcher,"Butcher, Jim",,"=""045146091X""","=""9780451460912""",4,4.41,Ace,Mass Market Paperback,517,2006,2005,,2017/01/08,,,read,,,,1,0
13262782,Under My Hat: Tales from the Cauldron,Jonathan Strahan,"Strahan, Jonathan","Diana Peterfreund, Frances Hardinge, Garth Nix, Holly Black, Charles de Lint, Tanith Lee, Neil Gaiman, Ellen Klages, Ellen Kushner, Delia Sherman, Patricia A. McKillip, Tim Pratt, M. Rickert, Isobelle Carmody, Jane Yolen, Jim Butcher, Peter S. Beagle, Margo Lanagan","=""0375868305""","=""9780375868306""",0,3.90,Random House Books for Young Readers,Hardcover,424,2012,2012,,2017/01/08,to-read,to-read (#2),to-read,,,,0,0
99383,"Blood Rites (The Dresden Files, #6)",Jim Butcher,"Butcher, Jim",,"=""0451459873""","=""9780451459879""",4,4.30,Ace,Paperback,372,2004,2004,,2017/01/08,,,read,,,,1,0
91479,"Death Masks (The Dresden Files, #5)",Jim Butcher,"Butcher, Jim",,"=""0451459407""","=""9780451459404""",5,4.29,Ace,Mass Market Paperback,432,2003,2003,,2017/01/08,,,read,,,,1,0
91478,"Summer Knight (The Dresden Files, #4)",Jim Butcher,"Butcher, Jim",,"=""0451458923""","=""9780451458926""",5,4.27,Dutton / Signet,Mass Market Paperback,446,2003,2002,,2017/01/08,,,read,,,,1,0
91476,"Grave Peril (The Dresden Files, #3)",Jim Butcher,"Butcher, Jim",,"=""0451458443""","=""9780451458445""",4,4.14,ROC,Paperback,378,2001,2001,,2017/01/08,,,read,,,,1,0
91477,"Fool Moon (The Dresden Files, #2)",Jim Butcher,"Butcher, Jim",,"=""0451458125""","=""9780451458124""",4,3.99,Roc,Mass Market Paperback,401,2001,2001,,2017/01/08,,,read,,,,1,0
2534142,"Sturmnacht (Die dunklen Fälle des Harry Dresden, #1)",Jim Butcher,"Butcher, Jim",Jürgen Langowski,"=""342663287X""","=""9783426632871""",5,3.98,Knaur,Paperback,333,2006,2000,,2017/01/08,,,read,,,,1,0
16156292,"Blood of Tyrants (Temeraire, #8)",Naomi Novik,"Novik, Naomi",,"=""0345522893""","=""9780345522894""",3,3.99,Del Rey,Hardcover,432,2013,2013,,2017/01/08,,,read,,,,1,0
7038489,"Tongues of Serpents (Temeraire, #6)",Naomi Novik,"Novik, Naomi",,"=""0345496892""","=""9780345496898""",3,3.75,Del Rey,Hardcover,274,2010,2010,,2017/01/08,,,read,,,,1,0
12069434,"Crucible of Gold (Temeraire, #7)",Naomi Novik,"Novik, Naomi",,"=""0345522869""","=""9780345522863""",4,3.97,Random House,Hardcover,325,2012,2012,,2017/01/08,,,read,,,,1,0
891593,"Victory of Eagles (Temeraire, #5)",Naomi Novik,"Novik, Naomi",,"=""0007256752""","=""9780007256754""",4,4.07,,Paperback,352,2008,2008,,2017/01/08,,,read,,,,1,0
129510,"Empire of Ivory (Temeraire, #4)",Naomi Novik,"Novik, Naomi",,"=""0345496876""","=""9780345496874""",4,3.98,Del Rey,Mass Market Paperback,416,2007,2007,,2017/01/08,,,read,,,,1,0
91989,"Black Powder War (Temeraire, #3)",Naomi Novik,"Novik, Naomi",,"=""0345481305""","=""9780345481306""",3,3.90,Del Rey,Mass Market Paperback,365,2006,2006,,2017/01/08,,,read,,,,1,0
14069,"Throne of Jade (Temeraire, #2)",Naomi Novik,"Novik, Naomi",,"=""0345481291""","=""9780345481290""",4,3.89,Del Rey,Mass Market Paperback,398,2006,2006,,2017/01/08,,,read,,,,1,0
23254108,"Der Weg ins Labyrinth (Magisterium, #1)",Holly Black,"Black, Holly","Cassandra Clare, Anne Brauner","=""3846600040""","=""9783846600047""",2,3.96,One,Hardcover,332,2014,2014,2017/01/08,2017/01/08,,,read,,,,1,0
13051355,"Monster Hunter Legion (Monster Hunter International, #4)",Larry Correia,"Correia, Larry",,"=""1451637969""","=""9781451637960""",4,4.32,Baen,Hardcover,377,2012,2012,2017/01/08,2017/01/08,,,read,,,,1,0
9785225,"Monster Hunter Alpha (Monster Hunter International, #3)",Larry Correia,"Correia, Larry",,"=""1439134588""","=""9781439134580""",4,4.29,Baen,Mass Market Paperback,552,2011,2011,2017/01/08,2017/01/08,,,read,,,,1,0
7683254,"Monster Hunter Vendetta (Monster Hunter International, #2)",Larry Correia,"Correia, Larry",,"=""1439133913""","=""9781439133910""",3,4.26,Baen,Mass Market Paperback,612,2010,2010,2017/01/08,2017/01/08,,,read,,,,1,0
2570856,"Monster Hunter International (Monster Hunter International, #1)",Larry Correia,"Correia, Larry",,"=""0741444569""","=""9780741444561""",4,4.06,Infinity Publishing,Paperback,557,2009,2009,2017/01/08,2017/01/08,,,read,,,,1,0
46465,"The Chemistry of Death (David Hunter, #1)",Simon Beckett,"Beckett, Simon",,"=""0385340044""","=""9780385340045""",4,4.15,Delacorte Press,Hardcover,313,2006,2006,2016/01/08,2017/01/08,,,read,,,,1,0
25429478,Die vielen Leben des Harry August,Claire North,"North, Claire",Eva Bauche-Eppers,"=""3431039308""","=""9783431039306""",5,4.03,Bastei Lübbe,Hardcover,464,2015,2014,,2016/10/15,,,read,,,,1,0
22463760,"Age of Iron (Iron Age, #1)",Angus Watson,"Watson, Angus",,"=""0356502619""","=""9780356502618""",3,3.86,Orbit,Paperback,520,2014,2014,2017/01/08,2016/10/15,,,read,,,,1,0
25374390,"Die Myrnengöttin (Die Krosann-Saga - Königsweg, #1)",Sam Feuerbach,"Feuerbach, Sam",,"=""""","=""""",4,4.35,www.samfeuerbach.de,Kindle Edition,397,2015,2015,,2016/10/26,,,read,,,,1,0
23449510,"Die Sanduhr (Die Krosann-Saga - Lehrjahre, #3)",Sam Feuerbach,"Feuerbach, Sam",,"=""""","=""""",4,4.36,,Kindle Edition,374,2014,2014,,2016/10/26,,,read,,,,1,0
22838012,"Der Schwertmeister (Die Krosann-Saga - Lehrjahre, #2)",Sam Feuerbach,"Feuerbach, Sam",,"=""""","=""""",4,4.34,,Kindle Edition,419,2014,2014,,2016/10/26,,,read,,,,1,0
22837999,"Die Auftragsmörderin (Die Krosann-Saga - Lehrjahre, #1)",Sam Feuerbach,"Feuerbach, Sam",,"=""1499355130""","=""9781499355130""",5,4.26,CreateSpace Independent Publishing Platform,Paperback,388,2014,2014,,2016/10/26,,,read,,,,1,0
28876,"His Majesty's Dragon (Temeraire, #1)",Naomi Novik,"Novik, Naomi",,"=""0345481283""","=""9780345481283""",4,4.06,Random House Inc,Mass Market Paperback,374,2006,2006,,2016/10/16,,,read,,,,1,0
7351521,Der kleine Nick: achtzehn prima Geschichten,René Goscinny,"Goscinny, René",,"=""3257250517""","=""9783257250510""",5,4.59,Diogenes Verlag,Paperback,148,1981,1981,,2016/10/16,,,read,,,,1,0
186074,"The Name of the Wind (The Kingkiller Chronicle, #1)",Patrick Rothfuss,"Rothfuss, Patrick",,"=""075640407X""","=""9780756404079""",5,4.52,Penguin Group DAW,Hardcover,662,2007,2007,,2016/10/16,,,read,,,,1,0
14201,Jonathan Strange & Mr Norrell,Susanna Clarke,"Clarke, Susanna",,"=""""","=""""",3,3.85,Tor Books,Paperback,1006,2006,2004,,2016/10/16,,,read,,,,1,0
7069,The World According to Garp,John Irving,"Irving, John",,"=""0345915593""","=""9780345915597""",4,4.10,Ballantine Books,Hardcover,610,1999,1978,,2016/10/16,,,read,,,,1,0
776,"Buddhism Plain and Simple: The Practice of Being Aware, Right Now, Every Day",Steve Hagen,"Hagen, Steve",,"=""0767903323""","=""9780767903325""",5,4.04,Broadway Books,Paperback,165,1998,1997,,2016/10/16,,,read,,,,1,0
3833550,"The War Against the Chtorr, Book 2: A day for damnation",David Gerrold,"Gerrold, David",,"=""0671492586""","=""9780671492588""",5,4.09,Distributed by Simon and Schuster,Paperback,382,1984,1984,,2016/10/15,,,read,,,,1,0
821439,A Matter for Men (War Against the Chtorr #1),David Gerrold,"Gerrold, David",,"=""0553277820""","=""9780553277821""",5,4.06,Bantam Spectra,Mass Market Paperback,435,1989,1983,,2016/10/15,,,read,,,,1,0
71381,Eine Billion Dollar,Andreas Eschbach,"Eschbach, Andreas",,"=""3785720491""","=""9783785720493""",4,4.09,Bastei Lübbe,Paperback,887,2001,2001,,2016/10/15,,,read,,,,1,0
78129,"Killing Floor (Jack Reacher, #1)",Lee Child,"Child, Lee",,"=""0515141429""","=""9780515141429""",4,4.07,Jove,Mass Market Paperback,474,2006,1997,,2016/10/15,,,read,,,,1,0
30211601,Das Erbe des Greifen: Die Lytar-Chronik 2,Richard Schwartz,"Schwartz, Richard",,"=""""","=""""",4,4.39,Piper ebooks,Kindle Edition,525,2016,2008,,2016/10/15,,,read,,,,1,0
28007520,Die Krone von Lytar (Die Lytar-Chronik #1),Richard Schwartz,"Schwartz, Richard",,"=""349228051X""","=""9783492280518""",4,3.84,Piper Taschenbuch,Paperback,558,2016,2007,,2016/10/15,,,read,,,,1,0
19460766,"Die Macht der Alten (Die Götterkriege, #6)",Richard Schwartz,"Schwartz, Richard",,"=""3492269192""","=""9783492269193""",3,4.39,Piper Taschenbuch,Paperback,534,2015,2014,,2016/10/15,,,read,,,,1,0
17617934,"Die Festung der Titanen (Die Götterkriege, #4)",Richard Schwartz,"Schwartz, Richard",,"=""3492268846""","=""9783492268844""",4,4.41,Piper Verlag,Paperback,400,2013,2013,,2016/10/15,,,read,,,,1,0
17997849,"Der Inquisitor von Askir (Die Götterkriege, #5)",Richard Schwartz,"Schwartz, Richard",,"=""3492269664""","=""9783492269667""",3,4.49,Piper Verlag,Paperback,575,2014,2014,,2016/10/15,,,read,,,,1,0
11372276,"Die weiße Flamme (Die Götterkriege, #2)",Richard Schwartz,"Schwartz, Richard",,"=""3492268293""","=""9783492268295""",4,4.37,Piper,Paperback,560,2012,2012,,2016/10/15,,,read,,,,1,0
15751990,"Das blutige Land (Die Götterkriege, #3)",Richard Schwartz,"Schwartz, Richard",,"=""3492268307""","=""9783492268301""",2,4.48,Piper,Paperback,680,2012,2012,,2016/10/15,,,read,,,,1,0
6422308,"Die Eule von Askir (Das Geheimnis von Askir, #5.5)",Richard Schwartz,"Schwartz, Richard",,"=""3492266746""","=""9783492266741""",2,4.43,Piper,Paperback,429,2009,2009,,2016/10/15,,,read,,,,1,0
6583385,"Die Feuerinseln (Das Geheimnis von Askir, #5)",Richard Schwartz,"Schwartz, Richard",,"=""3492266754""","=""9783492266758""",3,4.36,Piper,Paperback,541,2009,2009,,2016/10/15,,,read,,,,1,0
8506799,"Die Rose von Illian (Die Götterkriege, #1)",Richard Schwartz,"Schwartz, Richard",,"=""3492267572""","=""9783492267571""",2,4.34,Piper,Paperback,626,2011,2011,,2016/10/15,,,read,,,,1,0
2754910,"Der Herr der Puppen (Das Geheimnis von Askir, #4)",Richard Schwartz,"Schwartz, Richard",,"=""3492266665""","=""9783492266666""",4,4.38,Piper Taschenbuch,Paperback,432,2008,2008,,2016/10/15,,,read,,,,1,0
7750692,"Der Kronrat (Das Geheimnis von Askir, #7)",Richard Schwartz,"Schwartz, Richard",,"=""349226722X""","=""9783492267229""",4,4.45,Piper,Paperback,542,2010,2010,,2016/10/15,,,read,,,,1,0
3279109,"Das Auge der Wüste (Das Geheimnis von Askir, #3)",Richard Schwartz,"Schwartz, Richard",,"=""3492266320""","=""9783492266321""",4,4.36,Piper,Paperback,367,2007,2007,,2016/10/15,,,read,,,,1,0
3279101,"Die Zweite Legion (Das Geheimnis von Askir, #2)",Richard Schwartz,"Schwartz, Richard",,"=""3492266290""","=""9783492266291""",4,4.31,Piper,Paperback,431,2008,2007,,2016/10/15,,,read,,,,1,0
1030905,Der König der purpurnen Stadt,Rebecca Gablé,"Gablé, Rebecca",,"=""3404152182""","=""9783404152186""",3,4.40,Luebbe Verlagsgruppe,Paperback,960,2004,2001,2016/09/15,2016/10/15,,,read,,,,1,0
4279554,"Sturm über roten Wassern (Gentleman Bastard, #2)",Scott Lynch,"Lynch, Scott",,"=""3453531132""","=""9783453531130""",4,4.24,Heyne,Paperback,944,2008,2007,2015/10/19,2015/10/19,,,read,,,,1,0
3227063,"The Way of Shadows (Night Angel, #1)",Brent Weeks,"Weeks, Brent",,"=""0316033677""","=""9780316033671""",4,4.15,Orbit,Mass Market Paperback,645,2008,2008,,2015/08/08,,,read,,,,1,0
64222,"Going Postal (Discworld, #33; Moist von Lipwig, #1)",Terry Pratchett,"Pratchett, Terry",,"=""0060502932""","=""9780060502935""",5,4.40,HarperTorch,Mass Market Paperback,394,2005,2004,,2015/08/08,,,read,,,,1,0
64216,"Guards! Guards! (Discworld, #8; City Watch, #1)",Terry Pratchett,"Pratchett, Terry",,"=""0061020648""","=""9780061020643""",5,4.33,HarperTorch,Mass Market Paperback,376,2001,1989,,2015/08/08,,,read,,,,1,0
24870,"The Masterharper of Pern (Pern, #14)",Anne McCaffrey,"McCaffrey, Anne",,"=""0552142743""","=""9780552142748""",4,4.25,Corgi,Paperback,463,1999,1998,,2015/08/08,,,read,,,,1,0
28541,"Dragonsong (Harper Hall, #1)",Anne McCaffrey,"McCaffrey, Anne",,"=""141692499X""","=""9781416924999""",5,4.25,Aladdin Paperbacks,Paperback,192,2003,1976,,2015/08/08,,,read,,,,1,0
1103140,Anne McCaffrey's Dragonflight #3,Brynne Stephens,"Stephens, Brynne","Lela Dowling, Fred Von Tobel, Anne McCaffrey","=""1560600764""","=""9781560600763""",5,4.53,Eclipse Books,Graphic Novel,0,1991,1993,,2015/08/08,,,read,,,,1,0
61975,"Dragonflight (Dragonriders of Pern, #1)",Anne McCaffrey,"McCaffrey, Anne",,"=""0345484266""","=""9780345484260""",4,4.09,Del Rey,Paperback,299,2005,1968,,2015/08/08,,,read,,,,1,0
673252,Anne McCaffrey's Dragonflight #1,Brynne Stephens,"Stephens, Brynne","Anne McCaffrey, Lela Dowling, Cynthia Martin","=""1560601760""","=""9781560601760""",4,4.45,Eclipse Books,Graphic Novel,136,1993,1991,,2015/08/08,,,read,,,,1,0
4407,"American Gods (American Gods, #1)",Neil Gaiman,"Gaiman, Neil",,"=""""","=""""",3,4.11,Headline Review,Paperback,635,2005,2001,,2015/08/08,,,read,,,,1,0
1739740,Die Angst des Tormanns beim Elfmeter,Peter Handke,"Handke, Peter",,"=""3937793143""","=""9783937793146""",3,3.18,Süddeutsche Zeitung / Bibliothek,Hardcover,106,2004,1970,2015/08/02,2015/06/11,,,read,,,,1,0
13202092,Eat & Run: My Unlikely Journey to Ultramarathon Greatness,Scott Jurek,"Jurek, Scott",Steve Friedman,"=""0547569653""","=""9780547569659""",4,4.02,Houghton Mifflin Harcourt,Hardcover,272,2012,2012,2015/02/03,2015/06/04,,,read,,,,1,0
23361321,"Die Stürme des Zorns (Die Sturmlicht-Chroniken, #2.2)",Brandon Sanderson,"Sanderson, Brandon",,"=""3453267486""","=""9783453267480""",4,4.82,Heyne,Hardcover,768,2015,2014,2015/06/01,2015/05/10,,,read,,,,1,0
28877,"Red Dragon (Hannibal Lecter, #1)",Thomas  Harris,"Harris, Thomas",,"=""""","=""""",4,4.05,Dutton,Hardcover,454,2000,1981,,2015/05/09,,,read,,,,1,0
17034242,"Die Gefährten (Der Herr der Ringe, #1)",J.R.R. Tolkien,"Tolkien, J.R.R.",Margaret Carroux,"=""""","=""""",5,4.39,Hobbit Presse Klett-Cotta,Paperback,491,1979,1954,,2015/05/09,,,read,,,,1,0
17034856,"Die zwei Türme (Der Herr der Ringe, #2)",J.R.R. Tolkien,"Tolkien, J.R.R.",Margaret Carroux,"=""3129081909""","=""9783129081907""",5,4.48,Klett-Cotta,Paperback,406,1979,1954,,2015/05/09,,,read,,,,1,0
3124800,"Die Rückkehr des Königs (Der Herr der Ringe, #3)",J.R.R. Tolkien,"Tolkien, J.R.R.",Margaret Carroux,"=""312908200X""","=""9783129082003""",5,4.56,Hobbit Presse/Klett-Cotta,Paperback,360,1979,1955,,2015/05/09,,,read,,,,1,0
18007564,The Martian,Andy Weir,"Weir, Andy",,"=""0804139024""","=""9780804139021""",4,4.41,Crown,Hardcover,384,2014,2011,,2015/05/09,,,read,,,,1,0
10870957,Die letzte Kolonie,John Scalzi,"Scalzi, John",,"=""""","=""""",4,4.09,Heyne Verlag,Kindle Edition,,2009,2007,,2015/05/09,,,read,,,,1,0
2638123,"Krieg der Klone (Krieg der Klone, #1)",John Scalzi,"Scalzi, John",Bernhard Kempen,"=""3453522672""","=""9783453522671""",5,4.23,Heyne,Paperback,432,2007,2005,,2015/05/09,,,read,,,,1,0
22740565,"Die letzte Einheit (Krieg der Klone, #5)",John Scalzi,"Scalzi, John",,"=""3453315162""","=""9783453315167""",4,4.08,Heyne,Paperback,624,2013,2013,,2015/05/09,,,read,,,,1,0
18962395,"Die sonderbare Buchhandlung des Mr. Penumbra (Mr. Penumbra's 24-Hour Bookstore, #1)",Robin Sloan,"Sloan, Robin",Ruth Keen,"=""3896674803""","=""9783896674807""",4,3.73,Blessing,Hardcover,351,2014,2012,2015/03/09,2015/05/09,,,read,"Ich mochte die Kombination aus geheimnissvolle Geschichte, Rätsel und Big Data á la Google.",,,1,0
10238591,"Das Erbe der Macht (Eragon, #4)",Christopher Paolini,"Paolini, Christopher",Michaela Link,"=""""","=""9783570138168""",3,4.13,cbj,Hardcover,959,2011,2011,2015/05/09,2015/05/09,,,read,,,,1,0
17855293,"Die seufzende Wendeltreppe (Lockwood & Co., #1)",Jonathan Stroud,"Stroud, Jonathan","Katharina Orgaß, Gerald Jung","=""""","=""9783570156179""",4,4.24,cbj,Hardcover,412,2013,2013,2015/05/09,2015/05/09,,,read,,,,1,0
